団体コード,都道府県名,団体名,財政力指数,経常収支比率,実質公債費比率,将来負担比率,ラスパイレス指数
011002,北海道,札幌市,0.71,95.4,2.9,18.2,99.4
012025,北海道,函館市,0.48,94.5,5.0,38.9,97.4
012033,北海道,小樽市,0.47,93.4,4.0,25.0,95.9
012041,北海道,旭川市,0.53,96.6,8.9,82.8,98.8
012050,北海道,室蘭市,0.62,95.3,10.4,55.7,98.0
012068,北海道,釧路市,0.45,94.8,10.4,42.8,99.4
012076,北海道,帯広市,0.60,89.4,8.2,22.2,99.0
012084,北海道,北見市,0.43,99.3,11.8,147.8,96.2
012092,北海道,夕張市,0.19,124.8,67.2,171.7,91.0
012106,北海道,岩見沢市,0.38,96.9,10.5,77.0,99.5
012114,北海道,網走市,0.44,94.1,16.1,112.9,97.1
012122,北海道,留萌市,0.31,94.9,9.2,-,96.0
012131,北海道,苫小牧市,0.75,89.4,7.7,71.9,98.2
012149,北海道,稚内市,0.39,92.5,10.7,32.8,94.9
012157,北海道,美唄市,0.26,94.8,11.0,74.2,97.2
012165,北海道,芦別市,0.25,95.6,5.7,65.4,94.0
012173,北海道,江別市,0.52,91.2,4.8,-,97.3
012181,北海道,赤平市,0.18,96.4,13.2,66.7,94.7
012190,北海道,紋別市,0.33,78.0,9.3,-,94.6
012203,北海道,士別市,0.25,96.2,14.3,98.3,97.5
012211,北海道,名寄市,0.27,96.2,9.9,9.3,100.0
012220,北海道,三笠市,0.19,93.8,10.8,25.7,96.8
012238,北海道,根室市,0.34,88.0,8.5,-,98.4
012246,北海道,千歳市,0.72,87.6,7.4,-,97.2
012254,北海道,滝川市,0.39,90.0,6.8,18.2,97.5
012262,北海道,砂川市,0.29,84.8,6.2,33.6,99.0
012271,北海道,歌志内市,0.10,92.8,8.7,-,96.2
012289,北海道,深川市,0.26,81.0,15.5,122.1,98.4
012297,北海道,富良野市,0.35,91.3,8.5,49.0,98.6
012301,北海道,登別市,0.46,96.2,10.4,54.8,96.9
012319,北海道,恵庭市,0.59,93.2,7.1,-,98.1
012335,北海道,伊達市,0.38,91.5,4.8,-,98.6
012343,北海道,北広島市,0.62,95.3,8.0,91.0,99.2
012351,北海道,石狩市,0.54,94.4,6.4,41.6,96.8
012360,北海道,北斗市,0.48,89.8,5.6,-,97.5
013030,北海道,当別町,0.36,91.2,9.6,28.6,97.5
013048,北海道,新篠津村,0.18,87.9,3.5,-,98.2
013315,北海道,松前町,0.18,86.0,7.5,10.5,97.6
013323,北海道,福島町,0.22,85.4,9.9,40.8,96.5
013331,北海道,知内町,0.27,79.9,8.3,-,96.6
013340,北海道,木古内町,0.20,88.9,14.5,60.6,95.3
013374,北海道,七飯町,0.45,89.4,7.6,7.1,98.0
013439,北海道,鹿部町,0.23,84.6,4.3,-,95.4
013455,北海道,森町,0.30,91.9,9.5,-,98.2
013463,北海道,八雲町,0.30,85.3,9.4,-,96.0
013471,北海道,長万部町,0.22,87.8,9.9,30.2,95.9
013617,北海道,江差町,0.25,91.6,12.3,44.8,97.7
013625,北海道,上ノ国町,0.16,86.4,9.6,-,97.5
013633,北海道,厚沢部町,0.16,79.9,7.1,-,92.3
013641,北海道,乙部町,0.13,68.1,6.7,-,95.9
013676,北海道,奥尻町,0.13,88.1,8.2,54.6,92.9
013706,北海道,今金町,0.19,79.3,8.3,-,95.6
013714,北海道,せたな町,0.17,86.0,8.4,-,94.2
013919,北海道,島牧村,0.08,87.6,6.6,17.0,97.4
013927,北海道,寿都町,0.14,83.1,13.4,-,98.4
013935,北海道,黒松内町,0.14,84.5,12.6,7.4,95.8
013943,北海道,蘭越町,0.18,83.0,10.6,-,92.5
013951,北海道,ニセコ町,0.29,87.9,4.2,37.9,95.8
013960,北海道,真狩村,0.15,89.9,9.4,42.1,94.9
013978,北海道,留寿都村,0.23,83.9,12.7,47.3,97.3
013986,北海道,喜茂別町,0.18,85.8,8.7,61.0,95.3
013994,北海道,京極町,0.63,78.0,8.0,-,96.7
014001,北海道,倶知安町,0.65,87.0,8.1,21.3,96.5
014010,北海道,共和町,0.23,89.9,8.8,-,96.5
014028,北海道,岩内町,0.29,92.2,12.5,83.4,96.6
014036,北海道,泊村,1.44,47.8,1.8,-,97.3
014044,北海道,神恵内村,0.10,84.4,5.1,7.7,97.9
014052,北海道,積丹町,0.11,88.6,9.6,13.5,99.3
014061,北海道,古平町,0.12,81.3,8.9,-,94.9
014079,北海道,仁木町,0.17,81.7,9.2,-,97.7
014087,北海道,余市町,0.33,89.7,5.4,13.9,97.6
014095,北海道,赤井川村,0.23,92.6,5.3,-,97.8
014231,北海道,南幌町,0.28,91.0,11.7,111.2,96.5
014249,北海道,奈井江町,0.23,87.2,9.1,81.0,96.2
014257,北海道,上砂川町,0.11,86.4,5.5,22.9,95.3
014273,北海道,由仁町,0.22,88.6,13.9,38.7,96.2
014281,北海道,長沼町,0.30,87.4,10.4,21.3,96.8
014290,北海道,栗山町,0.29,92.1,6.4,32.5,96.8
014303,北海道,月形町,0.15,87.2,4.5,-,97.4
014311,北海道,浦臼町,0.14,83.3,14.2,-,96.0
014320,北海道,新十津川町,0.18,80.7,6.3,-,95.9
014338,北海道,妹背牛町,0.16,74.1,6.0,-,98.6
014346,北海道,秩父別町,0.15,90.6,5.9,-,97.6
014362,北海道,雨竜町,0.15,88.0,7.6,-,96.6
014371,北海道,北竜町,0.12,90.4,10.7,-,99.5
014389,北海道,沼田町,0.15,82.0,0.2,-,95.5
014524,北海道,鷹栖町,0.27,81.0,6.2,5.1,97.3
014532,北海道,東神楽町,0.36,79.3,8.3,47.7,97.5
014541,北海道,当麻町,0.20,85.0,7.2,29.7,96.0
014559,北海道,比布町,0.17,93.0,6.8,6.7,95.4
014567,北海道,愛別町,0.15,89.8,7.8,-,95.3
014575,北海道,上川町,0.15,86.3,10.2,63.3,102.0
014583,北海道,東川町,0.23,80.9,7.3,3.4,97.8
014591,北海道,美瑛町,0.21,85.4,13.4,24.7,99.5
014605,北海道,上富良野町,0.29,86.7,9.2,37.6,97.6
014613,北海道,中富良野町,0.22,75.8,5.4,2.4,96.0
014621,北海道,南富良野町,0.13,84.4,10.8,-,96.0
014630,北海道,占冠村,0.23,91.5,7.2,36.4,100.9
014648,北海道,和寒町,0.16,82.5,6.3,-,96.9
014656,北海道,剣淵町,0.15,89.5,6.8,-,99.2
014681,北海道,下川町,0.14,86.9,7.0,11.3,96.4
014699,北海道,美深町,0.15,77.8,6.1,-,95.4
014702,北海道,音威子府村,0.10,91.3,7.1,2.3,95.8
014711,北海道,中川町,0.11,92.3,13.8,-,97.4
014729,北海道,幌加内町,0.10,88.4,5.3,-,95.9
014818,北海道,増毛町,0.15,72.7,6.0,-,96.3
014826,北海道,小平町,0.14,80.8,9.5,-,95.0
014834,北海道,苫前町,0.14,82.6,9.5,-,95.1
014842,北海道,羽幌町,0.20,83.1,9.0,-,95.3
014851,北海道,初山別村,0.11,78.6,7.2,-,94.7
014869,北海道,遠別町,0.13,79.0,9.2,-,96.8
014877,北海道,天塩町,0.16,75.6,7.3,3.4,96.9
015113,北海道,猿払村,0.21,85.1,10.1,27.6,96.2
015121,北海道,浜頓別町,0.19,88.5,9.8,4.9,96.2
015130,北海道,中頓別町,0.11,64.1,▲ 0.3,-,93.4
015148,北海道,枝幸町,0.21,76.4,9.5,-,95.2
015164,北海道,豊富町,0.19,71.5,10.8,-,95.8
015172,北海道,礼文町,0.12,76.5,12.3,-,94.5
015181,北海道,利尻町,0.11,76.7,13.7,62.8,92.2
015199,北海道,利尻富士町,0.12,77.6,13.7,-,95.8
015202,北海道,幌延町,0.22,77.3,4.3,-,95.4
015431,北海道,美幌町,0.35,86.1,7.2,-,96.4
015440,北海道,津別町,0.20,83.7,5.6,-,98.1
015458,北海道,斜里町,0.33,86.3,11.4,42.1,95.6
015466,北海道,清里町,0.18,84.9,9.2,-,97.0
015474,北海道,小清水町,0.21,81.4,9.9,41.9,97.9
015491,北海道,訓子府町,0.22,75.3,8.0,-,95.7
015504,北海道,置戸町,0.13,73.8,8.2,-,97.9
015521,北海道,佐呂間町,0.24,79.8,7.5,-,98.6
015555,北海道,遠軽町,0.26,91.5,10.6,25.4,96.3
015598,北海道,湧別町,0.25,77.5,8.8,-,96.2
015601,北海道,滝上町,0.12,86.5,7.1,-,94.7
015610,北海道,興部町,0.21,75.9,7.3,-,97.2
015628,北海道,西興部村,0.10,78.4,9.2,-,96.4
015636,北海道,雄武町,0.20,75.4,7.7,-,98.1
015644,北海道,大空町,0.24,90.8,9.6,-,96.9
015717,北海道,豊浦町,0.16,89.9,14.1,6.6,97.7
015750,北海道,壮瞥町,0.19,81.9,8.7,-,95.4
015784,北海道,白老町,0.38,88.6,10.8,-,98.7
015814,北海道,厚真町,0.39,86.6,13.4,-,99.8
015849,北海道,洞爺湖町,0.26,92.8,10.8,23.9,97.0
015857,北海道,安平町,0.44,89.8,10.8,23.4,97.8
015865,北海道,むかわ町,0.23,88.5,8.5,14.2,98.7
016012,北海道,日高町,0.25,93.1,14.0,47.2,96.2
016021,北海道,平取町,0.17,82.3,8.5,52.2,97.9
016047,北海道,新冠町,0.22,86.0,8.2,-,96.3
016071,北海道,浦河町,0.29,84.2,9.9,9.6,97.0
016080,北海道,様似町,0.17,86.3,11.6,3.5,98.0
016098,北海道,えりも町,0.18,94.5,8.0,-,96.2
016101,北海道,新ひだか町,0.33,90.1,11.0,28.2,95.5
016314,北海道,音更町,0.49,89.0,11.2,31.7,98.4
016322,北海道,士幌町,0.30,87.8,8.0,-,97.7
016331,北海道,上士幌町,0.24,87.2,9.0,-,98.0
016349,北海道,鹿追町,0.25,81.6,9.7,-,97.8
016357,北海道,新得町,0.23,80.5,9.2,-,97.9
016365,北海道,清水町,0.32,89.7,8.9,-,98.8
016373,北海道,芽室町,0.48,89.7,8.1,82.6,98.1
016381,北海道,中札内村,0.28,86.0,6.0,-,95.1
016390,北海道,更別村,0.26,73.5,6.4,-,97.4
016411,北海道,大樹町,0.25,89.6,9.5,7.9,95.9
016420,北海道,広尾町,0.22,82.9,13.6,21.5,95.9
016438,北海道,幕別町,0.35,85.7,9.8,81.1,96.8
016446,北海道,池田町,0.21,88.6,12.2,0.9,97.6
016454,北海道,豊頃町,0.21,77.2,7.4,-,97.0
016462,北海道,本別町,0.26,84.8,11.7,23.9,96.3
016471,北海道,足寄町,0.20,88.7,11.8,-,95.7
016489,北海道,陸別町,0.16,77.0,11.2,-,95.7
016497,北海道,浦幌町,0.19,88.4,9.6,-,97.6
016616,北海道,釧路町,0.50,92.4,8.0,25.9,96.8
016624,北海道,厚岸町,0.23,90.9,11.0,79.4,96.3
016632,北海道,浜中町,0.21,88.9,11.5,55.1,97.6
016641,北海道,標茶町,0.23,91.8,9.2,56.4,97.4
016659,北海道,弟子屈町,0.22,89.7,14.3,-,97.1
016675,北海道,鶴居村,0.19,84.9,6.4,-,97.9
016683,北海道,白糠町,0.24,83.5,10.0,-,96.4
016918,北海道,別海町,0.31,93.6,11.1,-,96.4
016926,北海道,中標津町,0.42,93.3,12.3,85.3,94.8
016934,北海道,標津町,0.21,89.3,8.7,-,95.3
016942,北海道,羅臼町,0.22,80.2,7.9,-,96.1
022012,青森県,青森市,0.55,92.1,11.3,79.7,96.3
022021,青森県,弘前市,0.48,94.2,6.9,43.0,94.2
022039,青森県,八戸市,0.64,91.5,9.2,91.1,97.5
022047,青森県,黒石市,0.36,88.9,12.5,16.6,93.3
022055,青森県,五所川原市,0.32,95.3,8.9,77.7,97.1
022063,青森県,十和田市,0.43,94.2,10.5,32.2,96.5
022071,青森県,三沢市,0.50,90.8,9.3,58.8,94.2
022080,青森県,むつ市,0.36,96.1,13.8,136.9,97.1
022098,青森県,つがる市,0.25,92.7,11.8,106.8,95.7
022101,青森県,平川市,0.30,93.5,8.0,-,95.3
023019,青森県,平内町,0.24,79.7,10.6,69.5,97.9
023035,青森県,今別町,0.21,77.1,5.0,-,100.6
023043,青森県,蓬田村,0.19,85.4,5.8,-,97.4
023078,青森県,外ヶ浜町,0.18,90.0,10.4,4.7,96.9
023213,青森県,鰺ケ沢町,0.22,97.7,14.2,142.1,92.9
023230,青森県,深浦町,0.17,91.8,9.3,24.8,94.2
023434,青森県,西目屋村,0.12,86.6,10.2,-,89.3
023612,青森県,藤崎町,0.29,86.8,12.0,21.1,93.4
023621,青森県,大鰐町,0.22,93.6,12.6,84.0,90.3
023671,青森県,田舎館村,0.26,84.6,8.8,-,94.4
023817,青森県,板柳町,0.27,94.9,11.7,-,93.5
023841,青森県,鶴田町,0.27,93.8,12.7,109.3,94.8
023876,青森県,中泊町,0.22,93.1,10.3,66.2,93.6
024015,青森県,野辺地町,0.36,94.3,6.9,0.6,95.1
024023,青森県,七戸町,0.38,86.2,3.0,-,96.7
024058,青森県,六戸町,0.41,85.0,7.5,-,95.8
024066,青森県,横浜町,0.29,93.6,5.7,-,99.1
024082,青森県,東北町,0.31,92.7,12.2,82.5,97.6
024112,青森県,六ケ所村,1.61,85.2,3.3,-,101.3
024121,青森県,おいらせ町,0.46,94.7,10.1,-,95.3
024236,青森県,大間町,0.26,76.8,12.8,59.9,97.2
024244,青森県,東通村,0.56,78.3,13.2,-,95.3
024252,青森県,風間浦村,0.10,92.2,11.4,-,93.5
024261,青森県,佐井村,0.12,84.5,4.6,-,93.8
024414,青森県,三戸町,0.25,92.9,9.6,-,93.7
024422,青森県,五戸町,0.27,88.0,9.4,-,94.8
024431,青森県,田子町,0.21,88.7,5.4,10.6,91.5
024457,青森県,南部町,0.29,83.2,8.1,-,93.8
024465,青森県,階上町,0.35,87.9,10.6,-,95.7
024503,青森県,新郷村,0.17,76.9,6.0,-,91.6
032018,岩手県,盛岡市,0.71,96.1,10.3,75.6,98.4
032026,岩手県,宮古市,0.36,93.2,10.0,11.1,94.7
032034,岩手県,大船渡市,0.44,94.6,12.7,102.0,95.9
032051,岩手県,花巻市,0.46,90.1,8.7,44.4,96.7
032069,岩手県,北上市,0.91,90.8,7.1,47.0,99.3
032077,岩手県,久慈市,0.40,96.1,11.3,88.0,95.7
032085,岩手県,遠野市,0.32,92.1,10.9,43.1,96.5
032093,岩手県,一関市,0.36,94.4,9.5,55.0,97.9
032107,岩手県,陸前高田市,0.32,90.5,13.0,-,94.7
032115,岩手県,釜石市,0.48,99.5,10.5,-,97.6
032131,岩手県,二戸市,0.36,97.1,11.7,44.4,97.7
032140,岩手県,八幡平市,0.30,93.3,15.5,32.2,96.9
032158,岩手県,奥州市,0.44,94.7,15.5,24.4,98.3
032166,岩手県,滝沢市,0.58,89.0,6.1,29.4,95.8
033014,岩手県,雫石町,0.38,98.3,8.3,-,96.8
033022,岩手県,葛巻町,0.18,89.0,7.4,-,95.6
033031,岩手県,岩手町,0.33,89.6,8.1,31.2,93.7
033219,岩手県,紫波町,0.46,94.2,13.8,81.4,94.9
033227,岩手県,矢巾町,0.65,96.9,15.6,61.0,96.2
033669,岩手県,西和賀町,0.14,92.9,15.8,53.1,95.7
033812,岩手県,金ケ崎町,0.64,81.0,11.6,-,99.2
034029,岩手県,平泉町,0.30,95.4,10.5,75.7,98.1
034410,岩手県,住田町,0.20,81.1,7.0,-,95.2
034614,岩手県,大槌町,0.28,90.3,10.1,-,95.6
034827,岩手県,山田町,0.31,92.1,4.7,-,97.8
034835,岩手県,岩泉町,0.16,96.7,13.1,-,96.7
034843,岩手県,田野畑村,0.15,91.4,9.4,-,90.5
034851,岩手県,普代村,0.14,98.5,9.3,-,93.3
035017,岩手県,軽米町,0.34,89.9,10.7,36.6,91.7
035033,岩手県,野田村,0.20,86.8,6.9,-,91.5
035068,岩手県,九戸村,0.20,89.7,7.9,-,94.1
035076,岩手県,洋野町,0.26,91.3,11.5,-,92.4
035246,岩手県,一戸町,0.34,91.7,5.7,10.5,96.3
041009,宮城県,仙台市,0.88,97.0,6.1,52.3,102.6
042021,宮城県,石巻市,0.53,100.9,8.2,14.7,96.3
042030,宮城県,塩竈市,0.51,98.3,4.6,-,96.2
042056,宮城県,気仙沼市,0.44,103.9,8.2,-,98.6
042064,宮城県,白石市,0.49,92.9,3.7,-,97.6
042072,宮城県,名取市,0.80,99.2,2.6,-,97.1
042081,宮城県,角田市,0.50,98.7,10.7,7.2,96.1
042099,宮城県,多賀城市,0.69,102.8,3.7,-,94.1
042111,宮城県,岩沼市,0.80,102.4,▲ 0.5,-,96.0
042129,宮城県,登米市,0.35,96.8,9.0,63.3,93.8
042137,宮城県,栗原市,0.32,97.9,7.5,17.1,94.4
042145,宮城県,東松島市,0.45,93.2,9.6,-,97.0
042153,宮城県,大崎市,0.48,96.8,7.3,65.9,98.2
042161,宮城県,富谷市,0.76,94.5,▲ 2.0,-,93.4
043010,宮城県,蔵王町,0.43,96.4,4.5,-,98.2
043028,宮城県,七ケ宿町,0.31,85.6,6.8,-,98.3
043214,宮城県,大河原町,0.60,99.9,3.3,-,96.5
043222,宮城県,村田町,0.41,91.4,11.2,47.2,95.6
043231,宮城県,柴田町,0.59,93.8,5.6,55.3,96.8
043249,宮城県,川崎町,0.30,93.4,5.4,-,97.4
043419,宮城県,丸森町,0.30,91.3,7.8,-,87.9
043613,宮城県,亘理町,0.57,96.7,5.0,-,95.0
043621,宮城県,山元町,0.36,92.1,6.7,-,90.2
044016,宮城県,松島町,0.45,94.5,7.5,-,94.7
044041,宮城県,七ケ浜町,0.50,94.5,1.3,-,91.5
044067,宮城県,利府町,0.78,93.0,6.9,40.5,96.6
044211,宮城県,大和町,1.05,90.7,2.6,-,95.3
044229,宮城県,大郷町,0.51,87.6,8.3,-,95.7
044245,宮城県,大衡村,0.76,94.5,5.9,-,95.0
044440,宮城県,色麻町,0.27,84.9,10.3,72.6,96.4
044458,宮城県,加美町,0.34,89.1,7.4,18.7,95.1
045012,宮城県,涌谷町,0.37,86.6,5.8,-,93.1
045055,宮城県,美里町,0.41,91.5,7.4,25.9,95.2
045811,宮城県,女川町,0.93,89.0,5.9,-,94.8
046060,宮城県,南三陸町,0.29,97.9,10.6,-,92.5
052019,秋田県,秋田市,0.65,92.4,8.8,112.9,98.0
052027,秋田県,能代市,0.49,93.0,8.7,60.8,95.9
052035,秋田県,横手市,0.33,96.8,8.1,11.0,96.8
052043,秋田県,大館市,0.42,94.2,9.4,78.7,97.7
052060,秋田県,男鹿市,0.34,93.2,8.9,25.7,96.3
052078,秋田県,湯沢市,0.32,96.2,11.9,64.3,95.7
052094,秋田県,鹿角市,0.32,92.8,8.2,34.0,96.0
052108,秋田県,由利本荘市,0.34,92.5,12.0,105.3,96.4
052116,秋田県,潟上市,0.35,100.3,6.6,32.3,93.4
052124,秋田県,大仙市,0.35,91.1,11.4,72.4,97.9
052132,秋田県,北秋田市,0.26,95.8,7.8,18.0,96.3
052141,秋田県,にかほ市,0.35,92.3,8.2,60.6,93.9
052159,秋田県,仙北市,0.27,101.8,8.6,98.8,96.8
053031,秋田県,小坂町,0.37,101.9,13.1,43.1,93.4
053279,秋田県,上小阿仁村,0.12,96.2,7.7,-,91.6
053465,秋田県,藤里町,0.13,90.0,6.2,15.9,96.4
053481,秋田県,三種町,0.25,89.0,6.6,-,95.8
053490,秋田県,八峰町,0.18,91.4,7.8,-,94.8
053619,秋田県,五城目町,0.24,94.4,9.0,57.1,96.6
053635,秋田県,八郎潟町,0.24,83.8,10.8,-,90.7
053660,秋田県,井川町,0.21,77.4,4.6,-,94.0
053686,秋田県,大潟村,0.34,96.0,7.3,-,94.7
054348,秋田県,美郷町,0.24,81.9,▲ 1.9,-,94.7
054631,秋田県,羽後町,0.25,88.9,10.6,-,94.4
054640,秋田県,東成瀬村,0.12,88.1,13.7,-,96.2
062014,山形県,山形市,0.74,90.3,7.8,92.5,100.3
062022,山形県,米沢市,0.57,92.6,8.2,45.1,99.5
062031,山形県,鶴岡市,0.41,95.5,7.4,43.2,100.4
062049,山形県,酒田市,0.48,97.1,10.0,6.5,99.2
062057,山形県,新庄市,0.50,96.5,7.1,-,98.3
062065,山形県,寒河江市,0.53,87.7,7.8,-,98.6
062073,山形県,上山市,0.48,89.7,5.9,20.0,97.1
062081,山形県,村山市,0.35,86.9,8.6,20.8,97.3
062090,山形県,長井市,0.43,91.0,13.2,256.1,99.6
062103,山形県,天童市,0.66,88.2,4.7,-,99.6
062111,山形県,東根市,0.62,93.0,8.3,-,97.7
062120,山形県,尾花沢市,0.28,89.8,9.0,31.0,97.4
062138,山形県,南陽市,0.46,92.0,12.6,114.7,99.0
063011,山形県,山辺町,0.37,89.2,10.1,-,98.3
063029,山形県,中山町,0.35,94.9,11.7,28.0,100.4
063215,山形県,河北町,0.44,95.3,9.1,17.5,96.6
063223,山形県,西川町,0.22,88.6,11.6,-,98.9
063231,山形県,朝日町,0.19,96.3,8.3,-,100.3
063240,山形県,大江町,0.26,83.3,8.6,-,95.4
063410,山形県,大石田町,0.21,88.7,11.0,17.3,97.7
063614,山形県,金山町,0.19,90.6,9.4,-,99.3
063622,山形県,最上町,0.22,96.5,10.7,26.8,101.1
063631,山形県,舟形町,0.19,87.2,11.1,-,99.4
063649,山形県,真室川町,0.21,90.4,5.5,5.0,98.2
063657,山形県,大蔵村,0.15,89.5,10.0,-,99.6
063665,山形県,鮭川村,0.17,82.1,5.5,-,97.8
063673,山形県,戸沢村,0.16,81.9,13.4,40.8,101.6
063819,山形県,高畠町,0.39,90.9,11.7,73.9,99.6
063827,山形県,川西町,0.25,93.5,12.7,130.8,97.3
064017,山形県,小国町,0.28,91.2,12.3,50.5,97.3
064025,山形県,白鷹町,0.27,92.2,11.8,14.9,97.9
064033,山形県,飯豊町,0.20,89.3,13.5,113.9,99.3
064262,山形県,三川町,0.37,88.6,10.3,98.7,97.9
064289,山形県,庄内町,0.30,95.8,10.8,23.5,95.9
064611,山形県,遊佐町,0.29,88.0,11.7,38.3,97.1
072010,福島県,福島市,0.76,92.7,3.5,-,100.9
072028,福島県,会津若松市,0.62,87.0,4.9,27.1,100.2
072036,福島県,郡山市,0.82,88.8,1.6,-,101.0
072044,福島県,いわき市,0.79,93.4,8.0,-,100.0
072052,福島県,白河市,0.61,88.0,8.3,43.5,98.6
072079,福島県,須賀川市,0.56,98.8,5.3,63.1,101.0
072087,福島県,喜多方市,0.37,99.1,6.6,65.3,101.1
072095,福島県,相馬市,0.64,95.0,11.0,-,100.6
072109,福島県,二本松市,0.46,96.1,9.1,32.6,99.2
072117,福島県,田村市,0.35,89.7,8.8,-,96.2
072125,福島県,南相馬市,0.65,94.8,8.4,-,94.9
072133,福島県,伊達市,0.40,96.4,10.4,52.8,97.8
072141,福島県,本宮市,0.64,95.9,5.5,66.6,99.8
073016,福島県,桑折町,0.42,89.4,9.4,-,99.5
073032,福島県,国見町,0.29,89.3,3.3,-,100.6
073083,福島県,川俣町,0.33,92.6,4.2,-,99.7
073229,福島県,大玉村,0.37,87.7,7.3,-,97.9
073423,福島県,鏡石町,0.56,79.3,9.6,100.6,99.0
073440,福島県,天栄村,0.30,82.2,7.9,-,99.8
073628,福島県,下郷町,0.33,82.6,6.1,-,98.7
073644,福島県,檜枝岐村,0.27,91.8,3.5,-,96.4
073679,福島県,只見町,0.21,86.2,4.0,-,97.7
073687,福島県,南会津町,0.24,87.4,7.0,18.9,96.7
074021,福島県,北塩原村,0.23,91.4,14.6,63.6,94.7
074055,福島県,西会津町,0.20,90.5,12.1,78.2,98.4
074071,福島県,磐梯町,0.28,84.8,11.9,81.6,96.7
074080,福島県,猪苗代町,0.37,91.5,9.7,28.6,97.1
074217,福島県,会津坂下町,0.37,83.9,9.8,24.5,98.8
074225,福島県,湯川村,0.22,94.4,11.9,-,99.5
074233,福島県,柳津町,0.18,86.7,6.1,-,96.3
074446,福島県,三島町,0.13,99.3,12.7,-,96.5
074454,福島県,金山町,0.24,80.9,4.7,-,99.2
074462,福島県,昭和村,0.09,88.3,7.9,-,91.4
074471,福島県,会津美里町,0.28,89.5,4.3,-,97.3
074616,福島県,西郷村,0.98,72.8,3.3,-,100.7
074641,福島県,泉崎村,0.53,88.6,7.0,-,93.9
074659,福島県,中島村,0.29,84.6,8.0,-,96.5
074667,福島県,矢吹町,0.60,88.6,11.2,72.6,98.2
074811,福島県,棚倉町,0.51,87.8,12.3,-,99.1
074829,福島県,矢祭町,0.34,87.9,3.6,-,100.3
074837,福島県,塙町,0.27,93.7,10.9,32.1,98.4
074845,福島県,鮫川村,0.17,81.7,6.4,-,99.5
075019,福島県,石川町,0.41,88.0,6.0,8.1,99.6
075027,福島県,玉川村,0.34,96.0,11.5,82.5,98.7
075035,福島県,平田村,0.24,89.1,13.9,15.6,99.8
075043,福島県,浅川町,0.31,86.4,6.4,-,99.6
075051,福島県,古殿町,0.21,88.9,9.1,-,97.3
075213,福島県,三春町,0.44,92.4,7.7,24.3,96.3
075221,福島県,小野町,0.37,91.9,4.9,-,96.3
075418,福島県,広野町,1.34,59.3,5.3,-,98.7
075426,福島県,楢葉町,0.73,70.4,▲ 1.4,-,97.1
075434,福島県,富岡町,0.68,81.8,▲ 2.6,-,98.8
075442,福島県,川内村,0.31,90.9,6.4,-,96.9
075451,福島県,大熊町,1.46,65.1,▲ 1.4,-,95.4
075469,福島県,双葉町,0.69,64.1,3.1,-,91.7
075477,福島県,浪江町,0.42,85.4,1.8,-,92.5
075485,福島県,葛尾村,0.16,84.0,6.0,-,91.4
075612,福島県,新地町,1.08,126.4,9.6,-,98.6
075647,福島県,飯舘村,0.25,77.8,6.4,-,99.2
082015,茨城県,水戸市,0.79,98.1,9.3,128.1,99.0
082023,茨城県,日立市,0.77,99.8,1.2,-,98.5
082031,茨城県,土浦市,0.81,89.3,5.8,2.9,94.8
082040,茨城県,古河市,0.72,89.1,4.2,23.3,96.1
082058,茨城県,石岡市,0.58,93.3,6.5,-,96.3
082074,茨城県,結城市,0.69,96.1,7.7,28.8,97.5
082082,茨城県,龍ケ崎市,0.71,92.9,4.3,-,97.9
082104,茨城県,下妻市,0.65,94.4,7.8,66.1,94.9
082112,茨城県,常総市,0.69,91.8,7.7,44.3,97.4
082121,茨城県,常陸太田市,0.40,96.4,4.4,-,95.6
082147,茨城県,高萩市,0.57,93.9,7.5,28.0,98.5
082155,茨城県,北茨城市,0.67,94.8,12.6,97.9,97.5
082163,茨城県,笠間市,0.58,89.1,6.4,-,96.3
082171,茨城県,取手市,0.60,96.4,7.1,9.3,97.2
082198,茨城県,牛久市,0.80,93.6,3.0,-,95.4
082201,茨城県,つくば市,1.07,92.8,6.3,28.6,97.7
082210,茨城県,ひたちなか市,0.90,97.5,11.2,74.0,97.9
082228,茨城県,鹿嶋市,0.97,92.5,6.5,39.7,98.5
082236,茨城県,潮来市,0.48,93.0,10.2,48.3,98.0
082244,茨城県,守谷市,0.96,93.4,4.4,-,95.9
082252,茨城県,常陸大宮市,0.42,90.8,9.0,27.9,98.6
082261,茨城県,那珂市,0.61,93.1,4.2,-,97.5
082279,茨城県,筑西市,0.65,94.2,7.8,51.5,98.3
082287,茨城県,坂東市,0.64,92.9,7.2,39.6,99.7
082295,茨城県,稲敷市,0.47,89.0,8.9,-,97.7
082309,茨城県,かすみがうら市,0.57,88.8,8.9,56.9,96.8
082317,茨城県,桜川市,0.46,87.6,7.7,14.5,97.9
082325,茨城県,神栖市,1.34,94.1,4.2,27.8,95.8
082333,茨城県,行方市,0.43,88.2,8.5,24.7,97.1
082341,茨城県,鉾田市,0.45,92.9,9.9,-,98.6
082350,茨城県,つくばみらい市,0.75,94.7,6.6,20.9,97.8
082368,茨城県,小美玉市,0.57,87.4,6.9,17.7,97.9
083020,茨城県,茨城町,0.58,87.6,5.8,6.3,97.1
083097,茨城県,大洗町,0.67,94.5,7.8,81.2,96.0
083101,茨城県,城里町,0.36,90.6,8.6,40.0,96.7
083411,茨城県,東海村,1.38,92.9,2.5,-,100.6
083640,茨城県,大子町,0.32,91.6,4.0,49.3,98.7
084425,茨城県,美浦村,0.61,92.1,8.3,58.1,101.3
084433,茨城県,阿見町,0.87,96.1,4.6,-,97.2
084476,茨城県,河内町,0.33,94.4,6.8,-,95.3
085219,茨城県,八千代町,0.61,90.5,7.0,-,99.2
085421,茨城県,五霞町,0.79,93.1,14.6,34.3,94.6
085464,茨城県,境町,0.67,86.7,11.5,49.7,96.1
085642,茨城県,利根町,0.38,90.6,1.2,-,98.4
092011,栃木県,宇都宮市,0.97,93.7,3.9,44.1,101.7
092029,栃木県,足利市,0.73,89.6,4.3,-,98.9
092037,栃木県,栃木市,0.69,97.5,8.6,13.2,98.6
092045,栃木県,佐野市,0.70,93.2,2.3,-,98.1
092053,栃木県,鹿沼市,0.69,91.0,2.3,-,99.2
092061,栃木県,日光市,0.55,98.6,7.8,46.9,97.4
092088,栃木県,小山市,0.94,89.3,6.1,73.0,97.7
092096,栃木県,真岡市,0.83,91.1,5.4,-,99.3
092100,栃木県,大田原市,0.63,97.7,6.7,21.0,98.4
092118,栃木県,矢板市,0.64,91.1,8.4,-,98.2
092134,栃木県,那須塩原市,0.75,94.8,3.3,-,98.6
092142,栃木県,さくら市,0.69,94.7,8.0,-,97.6
092151,栃木県,那須烏山市,0.45,90.8,7.5,-,97.6
092169,栃木県,下野市,0.69,93.5,4.0,-,97.9
093017,栃木県,上三川町,0.93,85.1,7.3,-,97.0
093424,栃木県,益子町,0.54,89.0,7.1,0.3,96.6
093432,栃木県,茂木町,0.37,93.8,8.4,-,96.6
093441,栃木県,市貝町,0.62,91.1,5.3,-,98.5
093459,栃木県,芳賀町,0.98,85.1,1.6,21.1,100.9
093611,栃木県,壬生町,0.80,89.2,6.8,-,98.0
093645,栃木県,野木町,0.75,90.1,8.2,-,97.5
093840,栃木県,塩谷町,0.42,85.3,4.3,5.9,97.5
093866,栃木県,高根沢町,0.74,83.3,2.1,-,97.8
094072,栃木県,那須町,0.69,90.9,7.1,-,96.8
094111,栃木県,那珂川町,0.38,89.1,7.5,-,96.6
102016,群馬県,前橋市,0.78,95.3,8.2,57.6,99.1
102024,群馬県,高崎市,0.81,97.9,4.2,34.6,99.7
102032,群馬県,桐生市,0.55,95.1,4.4,-,99.2
102041,群馬県,伊勢崎市,0.81,94.0,5.3,1.3,98.3
102059,群馬県,太田市,0.94,92.1,5.8,28.2,99.4
102067,群馬県,沼田市,0.49,97.6,6.5,80.2,98.5
102075,群馬県,館林市,0.80,96.4,5.6,81.3,95.2
102083,群馬県,渋川市,0.57,95.3,4.3,-,98.6
102091,群馬県,藤岡市,0.64,93.0,5.1,-,99.4
102105,群馬県,富岡市,0.62,96.4,7.5,-,99.0
102113,群馬県,安中市,0.78,98.4,7.2,-,98.4
102121,群馬県,みどり市,0.61,99.4,4.7,-,95.6
103446,群馬県,榛東村,0.52,91.3,6.7,-,95.8
103454,群馬県,吉岡町,0.67,93.0,6.5,-,97.5
103667,群馬県,上野村,0.79,70.9,4.5,-,89.6
103675,群馬県,神流町,0.15,92.7,6.4,-,90.9
103829,群馬県,下仁田町,0.26,91.8,7.8,-,97.6
103837,群馬県,南牧村,0.13,83.0,3.6,-,93.3
103845,群馬県,甘楽町,0.46,86.3,8.3,11.2,97.0
104213,群馬県,中之条町,0.35,94.1,10.9,-,96.4
104248,群馬県,長野原町,0.51,82.2,10.7,-,98.3
104256,群馬県,嬬恋村,0.42,90.0,10.7,-,94.8
104264,群馬県,草津町,0.59,93.5,4.1,-,92.2
104281,群馬県,高山村,0.29,87.2,7.8,-,96.2
104299,群馬県,東吾妻町,0.38,96.2,11.7,13.7,98.1
104434,群馬県,片品村,0.24,81.7,5.7,-,94.7
104442,群馬県,川場村,0.24,87.6,13.0,143.7,95.7
104485,群馬県,昭和村,0.43,85.4,4.8,-,96.9
104493,群馬県,みなかみ町,0.39,90.1,8.6,-,97.1
104647,群馬県,玉村町,0.75,97.4,3.1,-,97.2
105210,群馬県,板倉町,0.60,91.6,6.3,-,95.1
105228,群馬県,明和町,0.84,88.2,8.8,43.3,97.6
105236,群馬県,千代田町,0.70,93.6,5.9,-,95.9
105244,群馬県,大泉町,0.93,95.0,4.4,-,96.6
105252,群馬県,邑楽町,0.73,89.3,6.8,-,98.6
111007,埼玉県,さいたま市,0.95,95.6,6.3,20.1,101.3
112011,埼玉県,川越市,0.94,99.8,6.5,53.4,101.4
112020,埼玉県,熊谷市,0.82,87.6,▲ 1.1,-,100.7
112038,埼玉県,川口市,0.93,98.5,2.6,9.3,101.3
112062,埼玉県,行田市,0.66,91.7,2.5,-,98.8
112071,埼玉県,秩父市,0.55,88.3,2.5,-,99.8
112089,埼玉県,所沢市,0.94,95.2,5.1,0.8,101.5
112097,埼玉県,飯能市,0.70,93.4,5.0,15.9,97.6
112101,埼玉県,加須市,0.72,94.6,5.6,-,98.1
112119,埼玉県,本庄市,0.72,94.7,3.7,-,98.4
112127,埼玉県,東松山市,0.80,94.8,4.5,18.7,98.2
112143,埼玉県,春日部市,0.71,96.1,2.9,25.6,98.6
112151,埼玉県,狭山市,0.85,93.8,5.6,-,101.3
112160,埼玉県,羽生市,0.77,93.2,10.0,46.7,97.8
112178,埼玉県,鴻巣市,0.65,95.5,4.0,4.1,100.0
112186,埼玉県,深谷市,0.71,89.9,▲ 1.9,-,97.8
112194,埼玉県,上尾市,0.86,94.8,4.9,-,101.2
112216,埼玉県,草加市,0.89,99.1,4.9,26.5,100.5
112224,埼玉県,越谷市,0.87,92.1,5.3,0.4,103.3
112232,埼玉県,蕨市,0.82,90.2,4.9,-,101.1
112241,埼玉県,戸田市,1.19,88.5,8.2,18.1,98.8
112259,埼玉県,入間市,0.87,97.8,4.2,0.5,101.1
112275,埼玉県,朝霞市,0.97,97.5,5.2,11.3,101.1
112283,埼玉県,志木市,0.80,94.9,2.4,-,100.8
112291,埼玉県,和光市,1.05,91.6,5.6,36.7,100.7
112305,埼玉県,新座市,0.87,98.5,5.4,13.6,99.3
112313,埼玉県,桶川市,0.74,92.0,5.5,25.1,99.1
112321,埼玉県,久喜市,0.81,91.4,4.2,-,96.7
112330,埼玉県,北本市,0.73,92.3,7.9,-,99.6
112348,埼玉県,八潮市,1.01,88.2,7.4,53.5,100.6
112356,埼玉県,富士見市,0.78,93.9,3.0,-,98.5
112372,埼玉県,三郷市,0.91,97.7,7.8,43.6,98.9
112381,埼玉県,蓮田市,0.71,92.3,3.4,-,99.9
112399,埼玉県,坂戸市,0.78,93.8,8.6,-,100.3
112402,埼玉県,幸手市,0.68,93.2,4.3,17.0,98.9
112411,埼玉県,鶴ケ島市,0.80,93.6,5.6,-,98.2
112429,埼玉県,日高市,0.81,93.3,4.5,-,99.0
112437,埼玉県,吉川市,0.79,94.1,6.3,-,98.4
112453,埼玉県,ふじみ野市,0.76,98.9,2.8,-,97.7
112461,埼玉県,白岡市,0.77,91.3,4.1,-,98.0
113018,埼玉県,伊奈町,0.81,96.2,6.6,-,99.6
113247,埼玉県,三芳町,1.06,88.0,9.6,43.7,99.1
113263,埼玉県,毛呂山町,0.58,92.3,8.2,25.0,96.6
113271,埼玉県,越生町,0.46,89.9,5.7,-,96.2
113417,埼玉県,滑川町,0.81,89.8,7.5,5.9,98.1
113425,埼玉県,嵐山町,0.73,84.4,9.0,24.8,98.3
113433,埼玉県,小川町,0.59,87.9,5.2,15.4,100.5
113468,埼玉県,川島町,0.73,88.9,4.1,1.9,97.7
113476,埼玉県,吉見町,0.63,86.5,5.6,-,97.4
113484,埼玉県,鳩山町,0.51,91.2,11.7,76.6,96.0
113492,埼玉県,ときがわ町,0.38,95.4,5.5,-,96.0
113611,埼玉県,横瀬町,0.48,84.8,7.3,38.0,96.0
113620,埼玉県,皆野町,0.38,84.7,6.2,-,92.6
113638,埼玉県,長瀞町,0.36,77.9,11.2,-,94.0
113654,埼玉県,小鹿野町,0.30,86.9,8.2,15.8,94.7
113697,埼玉県,東秩父村,0.18,92.0,2.9,-,96.4
113816,埼玉県,美里町,0.62,80.5,7.5,-,97.2
113832,埼玉県,神川町,0.48,83.7,7.5,-,99.1
113859,埼玉県,上里町,0.74,95.4,9.2,-,98.0
114081,埼玉県,寄居町,0.77,85.2,3.1,10.0,97.1
114421,埼玉県,宮代町,0.58,93.0,5.8,-,94.8
114642,埼玉県,杉戸町,0.72,91.1,6.6,-,95.4
114651,埼玉県,松伏町,0.61,86.0,6.2,8.0,98.2
121002,千葉県,千葉市,0.89,98.4,10.7,122.4,100.6
122025,千葉県,銚子市,0.58,92.1,13.4,65.1,98.6
122033,千葉県,市川市,1.07,92.5,2.1,-,101.0
122041,千葉県,船橋市,0.92,94.8,3.7,-,99.6
122050,千葉県,館山市,0.55,94.7,6.8,51.1,99.9
122068,千葉県,木更津市,0.84,92.8,4.4,-,100.9
122076,千葉県,松戸市,0.84,93.6,2.0,13.2,100.9
122084,千葉県,野田市,0.80,93.5,4.3,-,99.2
122106,千葉県,茂原市,0.75,97.3,11.4,74.6,100.4
122114,千葉県,成田市,1.27,90.2,9.9,92.2,100.9
122122,千葉県,佐倉市,0.86,93.7,1.7,-,98.8
122131,千葉県,東金市,0.65,88.9,3.1,23.6,100.7
122157,千葉県,旭市,0.49,94.5,9.9,-,98.7
122165,千葉県,習志野市,0.89,96.9,7.6,30.5,100.9
122173,千葉県,柏市,0.91,90.6,1.1,-,102.0
122181,千葉県,勝浦市,0.47,99.8,7.1,-,100.2
122190,千葉県,市原市,1.06,89.7,5.5,2.4,100.0
122203,千葉県,流山市,0.92,89.8,2.2,49.2,102.6
122211,千葉県,八千代市,0.91,96.6,6.6,2.8,103.2
122220,千葉県,我孫子市,0.74,95.3,2.0,-,99.8
122238,千葉県,鴨川市,0.50,102.2,9.9,80.1,99.4
122246,千葉県,鎌ケ谷市,0.72,98.4,5.6,38.0,100.8
122254,千葉県,君津市,1.00,94.1,4.2,30.9,99.7
122262,千葉県,富津市,0.86,93.6,7.7,45.0,102.6
122271,千葉県,浦安市,1.42,86.7,7.4,28.5,101.2
122289,千葉県,四街道市,0.74,90.5,2.0,-,99.6
122297,千葉県,袖ケ浦市,1.09,90.1,4.1,5.9,99.2
122301,千葉県,八街市,0.62,97.5,6.7,45.2,99.2
122319,千葉県,印西市,1.06,79.5,0.5,-,99.0
122327,千葉県,白井市,0.84,89.5,4.8,44.2,102.1
122335,千葉県,富里市,0.74,94.5,6.8,-,98.9
122343,千葉県,南房総市,0.31,93.4,8.9,-,99.0
122351,千葉県,匝瑳市,0.46,97.1,7.3,5.7,102.1
122360,千葉県,香取市,0.50,90.8,9.3,5.2,99.9
122378,千葉県,山武市,0.47,94.8,6.1,-,101.1
122386,千葉県,いすみ市,0.41,90.5,6.4,8.1,99.4
122394,千葉県,大網白里市,0.58,99.8,9.3,32.7,98.8
123226,千葉県,酒々井町,0.71,94.7,5.7,4.0,98.3
123293,千葉県,栄町,0.51,96.3,5.4,-,98.5
123421,千葉県,神崎町,0.38,87.0,3.3,-,100.5
123471,千葉県,多古町,0.53,91.5,5.9,-,100.0
123498,千葉県,東庄町,0.41,86.9,4.9,-,100.5
124036,千葉県,九十九里町,0.42,87.5,7.6,-,100.8
124095,千葉県,芝山町,1.03,82.5,6.1,-,101.7
124109,千葉県,横芝光町,0.45,89.6,5.1,-,98.8
124214,千葉県,一宮町,0.53,88.0,4.4,-,100.9
124222,千葉県,睦沢町,0.36,84.5,6.4,-,99.9
124231,千葉県,長生村,0.49,87.5,9.7,34.0,101.8
124249,千葉県,白子町,0.44,80.4,5.2,-,100.5
124265,千葉県,長柄町,0.51,90.8,6.6,-,100.5
124273,千葉県,長南町,0.41,84.5,6.7,23.4,99.6
124419,千葉県,大多喜町,0.40,91.7,3.7,-,96.4
124435,千葉県,御宿町,0.39,90.4,4.9,-,98.0
124630,千葉県,鋸南町,0.27,90.2,8.9,11.6,98.7
131016,東京都,千代田区,0.84,72.3,▲ 1.1,-,99.0
131024,東京都,中央区,0.61,60.4,1.1,-,100.9
131032,東京都,港区,1.15,70.7,▲ 1.8,-,98.3
131041,東京都,新宿区,0.66,80.0,▲ 2.4,-,98.3
131059,東京都,文京区,0.62,82.7,▲ 3.6,-,99.6
131067,東京都,台東区,0.49,82.7,▲ 2.1,-,97.5
131075,東京都,墨田区,0.42,78.9,▲ 0.6,-,98.3
131083,東京都,江東区,0.50,73.1,▲ 2.8,-,98.5
131091,東京都,品川区,0.57,76.8,▲ 3.7,-,99.1
131105,東京都,目黒区,0.73,76.1,▲ 3.8,-,99.6
131113,東京都,大田区,0.54,78.6,▲ 2.1,-,100.5
131121,東京都,世田谷区,0.68,80.8,▲ 2.4,-,99.6
131130,東京都,渋谷区,0.96,65.6,▲ 3.4,-,98.5
131148,東京都,中野区,0.49,71.2,▲ 3.5,-,98.8
131156,東京都,杉並区,0.60,80.7,▲ 4.6,-,99.0
131164,東京都,豊島区,0.53,79.6,▲ 1.4,-,98.2
131172,東京都,北区,0.39,79.8,▲ 2.0,-,97.7
131181,東京都,荒川区,0.34,79.1,2.2,-,96.6
131199,東京都,板橋区,0.43,75.8,▲ 3.4,-,98.0
131202,東京都,練馬区,0.46,80.6,▲ 2.5,-,98.3
131211,東京都,足立区,0.38,78.6,▲ 3.4,-,98.7
131229,東京都,葛飾区,0.35,77.5,▲ 1.5,-,98.0
131237,東京都,江戸川区,0.39,70.5,▲ 5.0,-,97.6
132012,東京都,八王子市,0.90,87.5,0.0,-,97.6
132021,東京都,立川市,1.16,85.1,2.7,-,97.8
132039,東京都,武蔵野市,1.51,79.5,▲ 0.8,-,100.4
132047,東京都,三鷹市,1.13,89.4,0.8,-,99.6
132055,東京都,青梅市,0.78,99.1,2.2,-,99.1
132063,東京都,府中市,1.21,86.2,2.7,-,99.8
132071,東京都,昭島市,0.97,84.6,0.2,-,99.8
132080,東京都,調布市,1.18,89.4,1.5,1.8,99.9
132098,東京都,町田市,0.93,94.3,0.6,-,99.1
132101,東京都,小金井市,1.01,93.9,1.7,-,96.8
132110,東京都,小平市,0.92,82.6,1.8,-,100.2
132128,東京都,日野市,0.92,94.2,▲ 1.4,6.4,98.0
132136,東京都,東村山市,0.75,94.2,2.2,-,100.1
132144,東京都,国分寺市,1.03,95.7,1.2,15.3,99.4
132152,東京都,国立市,0.99,98.9,2.5,-,100.9
132187,東京都,福生市,0.72,88.5,▲ 2.8,-,99.7
132195,東京都,狛江市,0.82,87.3,0.9,-,101.2
132209,東京都,東大和市,0.78,96.7,▲ 0.6,-,99.9
132217,東京都,清瀬市,0.66,93.9,4.0,27.0,100.5
132225,東京都,東久留米市,0.79,94.0,0.1,-,97.9
132233,東京都,武蔵村山市,0.78,94.6,1.7,-,97.8
132241,東京都,多摩市,1.12,87.8,2.9,-,99.7
132250,東京都,稲城市,0.93,91.7,3.7,10.3,99.7
132276,東京都,羽村市,0.93,98.5,0.4,-,101.5
132284,東京都,あきる野市,0.69,98.8,4.4,14.1,99.1
132292,東京都,西東京市,0.88,93.3,2.6,-,99.1
133035,東京都,瑞穂町,0.99,92.2,0.9,-,101.5
133051,東京都,日の出町,0.63,100.9,3.5,-,97.5
133078,東京都,檜原村,0.17,75.9,▲ 3.2,-,99.9
133086,東京都,奥多摩町,0.27,76.6,7.4,-,99.9
133612,東京都,大島町,0.28,96.7,12.9,92.7,90.6
133621,東京都,利島村,0.12,75.3,6.8,-,91.1
133639,東京都,新島村,0.18,82.1,6.9,-,88.9
133647,東京都,神津島村,0.19,75.8,2.2,-,93.2
133817,東京都,三宅村,0.20,93.9,9.9,-,88.6
133825,東京都,御蔵島村,0.11,76.9,5.1,-,80.2
134015,東京都,八丈町,0.27,85.5,11.1,-,87.1
134023,東京都,青ヶ島村,0.16,64.9,▲ 0.2,-,73.3
134210,東京都,小笠原村,0.24,74.4,3.2,-,93.2
141003,神奈川県,横浜市,0.94,98.1,9.5,127.2,100.0
141305,神奈川県,川崎市,1.03,97.2,8.4,124.0,100.2
141500,神奈川県,相模原市,0.83,96.0,2.8,-,98.3
142018,神奈川県,横須賀市,0.75,99.9,5.6,26.0,100.9
142034,神奈川県,平塚市,0.94,96.4,5.0,14.5,98.7
142042,神奈川県,鎌倉市,1.08,96.1,1.3,-,98.5
142051,神奈川県,藤沢市,1.05,92.3,5.2,45.2,101.1
142069,神奈川県,小田原市,0.91,94.0,3.3,38.4,98.8
142077,神奈川県,茅ヶ崎市,0.90,95.9,3.9,16.3,98.1
142085,神奈川県,逗子市,0.79,94.3,6.6,-,98.5
142107,神奈川県,三浦市,0.54,100.4,11.7,92.1,96.9
142115,神奈川県,秦野市,0.79,95.0,1.6,8.4,101.1
142123,神奈川県,厚木市,1.15,88.5,3.2,56.2,100.1
142131,神奈川県,大和市,0.93,99.3,4.3,39.8,95.7
142140,神奈川県,伊勢原市,0.92,98.9,7.4,28.6,101.2
142158,神奈川県,海老名市,1.03,94.3,5.2,30.2,101.3
142166,神奈川県,座間市,0.83,99.4,2.4,10.1,102.9
142174,神奈川県,南足柄市,0.78,98.7,2.9,-,101.3
142182,神奈川県,綾瀬市,0.86,92.4,2.4,-,100.3
143014,神奈川県,葉山町,0.80,90.0,▲ 2.7,-,101.7
143219,神奈川県,寒川町,1.08,92.6,6.4,-,99.6
143413,神奈川県,大磯町,0.75,86.6,4.8,5.7,96.1
143421,神奈川県,二宮町,0.63,95.0,5.4,6.7,97.4
143618,神奈川県,中井町,0.91,75.3,0.0,-,94.9
143626,神奈川県,大井町,0.72,85.6,▲ 1.6,-,97.3
143634,神奈川県,松田町,0.55,89.3,6.3,7.1,95.8
143642,神奈川県,山北町,0.50,85.5,11.6,4.8,101.3
143669,神奈川県,開成町,0.82,86.3,5.6,31.8,100.3
143821,神奈川県,箱根町,1.30,99.7,12.7,64.4,99.1
143839,神奈川県,真鶴町,0.38,96.5,12.8,78.0,91.5
143847,神奈川県,湯河原町,0.63,101.9,7.1,65.7,97.1
144011,神奈川県,愛川町,0.96,95.3,0.8,-,100.1
144029,神奈川県,清川村,0.77,82.4,▲ 0.1,-,93.2
151009,新潟県,新潟市,0.65,94.2,12.1,123.0,99.0
152021,新潟県,長岡市,0.59,92.6,7.3,73.1,96.4
152048,新潟県,三条市,0.54,95.1,14.2,79.3,94.0
152056,新潟県,柏崎市,0.65,92.8,9.6,6.6,98.4
152064,新潟県,新発田市,0.48,87.5,7.4,63.3,95.1
152081,新潟県,小千谷市,0.52,88.9,10.4,22.3,95.3
152099,新潟県,加茂市,0.40,96.5,9.7,83.6,94.4
152102,新潟県,十日町市,0.33,95.7,13.7,92.7,96.1
152111,新潟県,見附市,0.53,94.9,11.9,80.9,95.8
152129,新潟県,村上市,0.34,92.1,12.0,75.6,93.0
152137,新潟県,燕市,0.60,93.0,13.3,86.5,95.2
152161,新潟県,糸魚川市,0.47,96.5,12.4,50.7,93.4
152170,新潟県,妙高市,0.42,85.7,7.0,-,93.2
152188,新潟県,五泉市,0.43,88.2,7.1,46.4,94.2
152226,新潟県,上越市,0.57,92.4,10.9,58.6,98.2
152234,新潟県,阿賀野市,0.42,89.2,9.8,58.4,93.9
152242,新潟県,佐渡市,0.24,95.3,12.1,130.2,92.8
152251,新潟県,魚沼市,0.28,91.4,8.8,7.1,93.4
152269,新潟県,南魚沼市,0.41,89.5,11.8,-,93.1
152277,新潟県,胎内市,0.44,98.6,13.1,110.6,92.8
153079,新潟県,聖籠町,1.07,84.6,10.5,2.1,96.9
153427,新潟県,弥彦村,0.38,78.2,12.9,51.3,94.7
153613,新潟県,田上町,0.36,83.9,7.6,17.0,91.0
153851,新潟県,阿賀町,0.20,92.2,12.7,65.2,91.1
154059,新潟県,出雲崎町,0.22,86.3,8.8,-,95.0
154610,新潟県,湯沢町,0.90,94.9,8.0,28.8,94.3
154822,新潟県,津南町,0.25,89.0,11.6,23.4,93.0
155047,新潟県,刈羽村,1.39,71.2,▲ 1.7,-,96.2
155811,新潟県,関川村,0.21,86.7,12.4,16.7,92.7
155861,新潟県,粟島浦村,0.09,83.9,5.3,-,82.9
162019,富山県,富山市,0.80,92.9,8.8,84.2,100.1
162027,富山県,高岡市,0.71,85.0,11.6,100.6,99.7
162043,富山県,魚津市,0.67,90.9,11.3,73.5,98.7
162051,富山県,氷見市,0.46,86.7,11.8,12.9,97.9
162060,富山県,滑川市,0.71,84.2,4.7,-,98.5
162078,富山県,黒部市,0.62,89.5,10.8,113.9,98.3
162086,富山県,砺波市,0.57,92.7,12.3,18.5,97.7
162094,富山県,小矢部市,0.56,89.2,13.3,141.4,93.8
162108,富山県,南砺市,0.34,93.4,7.8,-,95.1
162116,富山県,射水市,0.64,89.0,9.3,61.7,96.1
163210,富山県,舟橋村,0.32,89.8,8.8,44.6,91.4
163228,富山県,上市町,0.44,89.1,14.2,53.8,93.5
163236,富山県,立山町,0.46,83.6,11.5,25.4,97.6
163422,富山県,入善町,0.52,87.4,15.5,30.9,95.2
163431,富山県,朝日町,0.34,91.1,12.9,-,93.9
172014,石川県,金沢市,0.86,89.9,4.0,20.2,99.2
172022,石川県,七尾市,0.44,95.5,12.9,72.0,94.5
172031,石川県,小松市,0.65,94.7,11.3,102.1,97.4
172049,石川県,輪島市,0.24,93.6,14.9,11.1,97.3
172057,石川県,珠洲市,0.22,96.8,15.1,-,95.3
172065,石川県,加賀市,0.54,95.5,8.7,106.8,97.2
172073,石川県,羽咋市,0.40,89.9,7.1,-,94.3
172090,石川県,かほく市,0.41,90.8,10.6,87.7,94.8
172103,石川県,白山市,0.63,94.4,11.0,120.3,97.6
172111,石川県,能美市,0.65,93.7,3.8,1.8,96.1
172120,石川県,野々市市,0.78,94.0,6.7,-,96.6
173240,石川県,川北町,0.54,86.1,7.3,4.2,92.3
173614,石川県,津幡町,0.55,88.9,7.5,77.6,94.9
173657,石川県,内灘町,0.50,88.9,8.5,49.2,93.3
173843,石川県,志賀町,0.54,90.0,8.5,-,93.1
173860,石川県,宝達志水町,0.36,88.9,8.5,-,92.6
174076,石川県,中能登町,0.30,93.1,15.2,27.3,90.5
174611,石川県,穴水町,0.25,88.9,9.1,53.6,93.0
174637,石川県,能登町,0.19,86.2,4.0,1.6,94.3
182010,福井県,福井市,0.78,91.1,10.4,47.2,99.5
182028,福井県,敦賀市,0.86,94.7,3.9,-,97.4
182044,福井県,小浜市,0.42,98.9,11.3,94.0,96.6
182052,福井県,大野市,0.42,95.1,5.7,17.0,97.1
182061,福井県,勝山市,0.42,92.5,8.9,32.9,94.5
182079,福井県,鯖江市,0.66,91.0,5.1,-,96.8
182087,福井県,あわら市,0.56,94.8,7.3,23.6,98.4
182095,福井県,越前市,0.73,95.0,10.2,128.2,99.2
182109,福井県,坂井市,0.60,95.4,8.1,8.4,98.7
183229,福井県,永平寺町,0.37,96.8,7.5,-,93.8
183822,福井県,池田町,0.14,80.9,8.0,-,92.7
184047,福井県,南越前町,0.27,88.7,2.0,-,90.8
184233,福井県,越前町,0.33,92.4,9.8,-,91.7
184420,福井県,美浜町,1.04,69.1,8.4,53.3,93.7
184811,福井県,高浜町,1.33,70.4,6.5,-,91.6
184837,福井県,おおい町,1.02,74.6,1.0,-,92.0
185019,福井県,若狭町,0.33,88.8,14.8,57.7,91.4
192015,山梨県,甲府市,0.71,91.7,8.3,15.6,97.9
192023,山梨県,富士吉田市,0.66,83.2,9.5,-,99.0
192040,山梨県,都留市,0.45,89.6,11.4,-,97.7
192058,山梨県,山梨市,0.41,99.4,12.3,27.3,96.6
192066,山梨県,大月市,0.60,92.1,14.7,72.3,95.7
192074,山梨県,韮崎市,0.74,95.1,10.5,56.9,98.7
192082,山梨県,南アルプス市,0.50,92.1,4.6,-,98.5
192091,山梨県,北杜市,0.41,85.9,5.8,-,98.7
192104,山梨県,甲斐市,0.61,88.9,5.2,-,97.1
192112,山梨県,笛吹市,0.51,94.6,7.5,-,97.4
192121,山梨県,上野原市,0.48,88.0,12.1,12.4,97.5
192139,山梨県,甲州市,0.43,90.1,14.3,47.5,95.5
192147,山梨県,中央市,0.66,91.4,7.1,-,96.3
193461,山梨県,市川三郷町,0.30,98.1,13.0,111.1,96.1
193640,山梨県,早川町,0.26,76.4,3.3,-,96.8
193658,山梨県,身延町,0.25,77.1,▲ 0.6,-,95.1
193666,山梨県,南部町,0.27,78.6,1.0,-,96.3
193682,山梨県,富士川町,0.34,86.8,10.4,61.7,97.0
193844,山梨県,昭和町,1.12,83.9,8.7,-,93.9
194221,山梨県,道志村,0.15,86.9,9.6,-,95.6
194239,山梨県,西桂町,0.28,89.3,7.5,-,91.8
194247,山梨県,忍野村,1.09,79.0,▲ 3.3,-,93.7
194255,山梨県,山中湖村,1.07,75.2,1.4,-,93.5
194298,山梨県,鳴沢村,0.52,74.6,▲ 2.4,-,94.9
194301,山梨県,富士河口湖町,0.58,77.8,10.8,32.0,96.2
194425,山梨県,小菅村,0.11,88.1,10.4,-,88.3
194433,山梨県,丹波山村,0.07,94.3,9.3,-,94.7
202011,長野県,長野市,0.71,91.8,5.2,20.6,100.2
202029,長野県,松本市,0.70,87.8,3.6,-,99.3
202037,長野県,上田市,0.58,90.5,5.3,19.4,99.4
202045,長野県,岡谷市,0.60,88.0,6.9,34.0,96.2
202053,長野県,飯田市,0.53,90.4,8.1,3.1,96.9
202061,長野県,諏訪市,0.68,88.7,7.2,46.4,96.4
202070,長野県,須坂市,0.55,91.7,8.0,-,99.0
202088,長野県,小諸市,0.58,95.5,7.3,-,97.8
202096,長野県,伊那市,0.47,87.5,6.8,-,97.3
202100,長野県,駒ケ根市,0.56,92.1,11.7,70.6,97.3
202118,長野県,中野市,0.56,90.7,6.1,-,96.8
202126,長野県,大町市,0.44,89.8,8.3,31.9,96.5
202134,長野県,飯山市,0.34,91.7,11.7,-,96.8
202142,長野県,茅野市,0.54,91.0,7.5,45.1,96.2
202151,長野県,塩尻市,0.63,91.7,7.2,7.8,98.6
202177,長野県,佐久市,0.51,84.8,1.4,-,99.4
202185,長野県,千曲市,0.50,94.9,10.7,5.3,96.5
202193,長野県,東御市,0.48,91.9,10.1,24.1,98.2
202207,長野県,安曇野市,0.50,88.4,8.3,-,97.5
203033,長野県,小海町,0.26,82.9,7.1,-,95.6
203041,長野県,川上村,0.26,79.6,1.5,-,91.6
203050,長野県,南牧村,0.28,76.1,2.6,-,95.7
203068,長野県,南相木村,0.61,82.5,0.5,-,90.1
203076,長野県,北相木村,0.14,89.5,7.4,-,90.3
203092,長野県,佐久穂町,0.24,90.7,10.5,-,96.2
203211,長野県,軽井沢町,1.52,62.7,1.0,-,96.4
203238,長野県,御代田町,0.60,75.9,7.8,-,96.0
203246,長野県,立科町,0.32,87.4,8.0,-,98.6
203491,長野県,青木村,0.22,80.4,8.1,-,95.9
203505,長野県,長和町,0.22,85.7,9.8,44.0,97.6
203611,長野県,下諏訪町,0.53,85.3,7.0,29.6,95.4
203629,長野県,富士見町,0.52,90.2,6.3,-,99.4
203637,長野県,原村,0.36,84.7,6.9,-,93.7
203823,長野県,辰野町,0.45,86.3,6.7,-,95.1
203831,長野県,箕輪町,0.56,85.9,8.2,30.1,96.7
203840,長野県,飯島町,0.37,78.5,8.0,29.4,95.0
203858,長野県,南箕輪村,0.54,86.6,7.5,1.7,95.1
203866,長野県,中川村,0.21,82.2,▲ 1.0,-,96.3
203882,長野県,宮田村,0.46,80.9,7.1,-,93.8
204021,長野県,松川町,0.38,85.7,5.9,-,97.4
204030,長野県,高森町,0.41,84.8,8.3,35.5,98.1
204048,長野県,阿南町,0.18,77.0,4.0,-,89.6
204072,長野県,阿智村,0.23,81.3,1.6,-,93.0
204099,長野県,平谷村,0.14,80.7,5.1,-,93.6
204102,長野県,根羽村,0.11,68.0,4.5,-,93.6
204111,長野県,下條村,0.22,68.3,▲ 4.6,-,93.9
204129,長野県,売木村,0.11,86.3,10.9,-,90.8
204137,長野県,天龍村,0.15,79.7,1.9,-,92.4
204145,長野県,泰阜村,0.15,69.3,7.2,-,93.5
204153,長野県,喬木村,0.24,79.6,8.5,-,94.5
204161,長野県,豊丘村,0.29,75.9,11.8,-,96.5
204170,長野県,大鹿村,0.15,68.5,1.6,-,94.0
204226,長野県,上松町,0.23,91.4,10.3,40.0,94.5
204234,長野県,南木曽町,0.23,83.0,8.9,-,96.7
204251,長野県,木祖村,0.27,85.8,7.6,-,95.2
204293,長野県,王滝村,0.19,80.0,8.0,-,92.6
204307,長野県,大桑村,0.24,89.2,11.7,40.3,98.7
204323,長野県,木曽町,0.26,88.5,9.3,-,97.4
204463,長野県,麻績村,0.17,79.8,6.3,-,91.8
204480,長野県,生坂村,0.13,80.8,7.4,-,94.0
204501,長野県,山形村,0.43,77.0,6.0,-,91.5
204510,長野県,朝日村,0.36,76.2,7.1,-,93.6
204528,長野県,筑北村,0.16,81.6,2.6,-,93.0
204811,長野県,池田町,0.31,87.2,12.1,-,94.5
204820,長野県,松川村,0.34,81.0,10.0,-,96.5
204854,長野県,白馬村,0.42,80.1,15.6,4.7,96.7
204862,長野県,小谷村,0.22,81.9,11.3,-,93.5
205214,長野県,坂城町,0.62,82.2,7.9,-,95.9
205419,長野県,小布施町,0.40,87.8,5.6,-,96.5
205435,長野県,高山村,0.28,85.1,7.2,-,91.5
205613,長野県,山ノ内町,0.37,86.2,8.6,41.7,92.7
205621,長野県,木島平村,0.19,81.1,13.2,-,94.1
205630,長野県,野沢温泉村,0.18,83.5,8.1,-,89.8
205834,長野県,信濃町,0.30,85.9,8.4,-,95.3
205885,長野県,小川村,0.13,89.7,6.1,-,92.8
205907,長野県,飯綱町,0.25,84.3,11.3,-,94.5
206024,長野県,栄村,0.13,74.0,7.2,-,93.2
212016,岐阜県,岐阜市,0.82,95.6,2.5,-,100.0
212024,岐阜県,大垣市,0.83,89.0,2.5,9.6,99.7
212032,岐阜県,高山市,0.53,79.9,4.5,-,99.3
212041,岐阜県,多治見市,0.68,87.4,▲ 3.1,-,96.1
212059,岐阜県,関市,0.59,84.6,2.0,-,97.7
212067,岐阜県,中津川市,0.49,89.7,6.9,-,98.3
212075,岐阜県,美濃市,0.52,90.8,9.5,6.3,96.9
212083,岐阜県,瑞浪市,0.60,90.9,2.3,-,97.4
212091,岐阜県,羽島市,0.74,95.2,7.0,-,97.9
212105,岐阜県,恵那市,0.44,90.4,1.0,-,96.8
212113,岐阜県,美濃加茂市,0.76,90.2,4.4,-,95.2
212121,岐阜県,土岐市,0.66,90.1,5.1,-,97.1
212130,岐阜県,各務原市,0.85,92.8,4.7,-,100.3
212148,岐阜県,可児市,0.81,87.0,▲ 0.8,-,96.1
212156,岐阜県,山県市,0.40,92.2,9.4,3.1,95.9
212164,岐阜県,瑞穂市,0.72,88.0,1.2,-,95.0
212172,岐阜県,飛騨市,0.34,92.7,12.2,-,93.7
212181,岐阜県,本巣市,0.53,89.2,7.9,50.0,96.7
212199,岐阜県,郡上市,0.32,86.9,11.1,68.3,93.7
212202,岐阜県,下呂市,0.33,93.1,11.0,1.9,97.3
212211,岐阜県,海津市,0.45,88.8,7.7,29.3,93.6
213021,岐阜県,岐南町,0.89,92.0,7.7,-,96.7
213039,岐阜県,笠松町,0.67,91.6,6.4,37.8,95.7
213411,岐阜県,養老町,0.58,87.7,8.2,32.6,95.7
213616,岐阜県,垂井町,0.67,84.3,4.8,69.6,96.9
213624,岐阜県,関ケ原町,0.45,88.5,10.3,19.8,91.5
213811,岐阜県,神戸町,0.63,83.7,4.7,36.2,93.3
213829,岐阜県,輪之内町,0.57,81.7,7.1,5.1,94.2
213837,岐阜県,安八町,0.58,87.6,13.7,62.3,92.1
214019,岐阜県,揖斐川町,0.45,83.2,6.8,-,93.2
214035,岐阜県,大野町,0.58,88.3,5.9,-,95.6
214043,岐阜県,池田町,0.60,81.7,11.4,51.1,94.8
214213,岐阜県,北方町,0.60,88.2,11.1,-,95.0
215015,岐阜県,坂祝町,0.49,85.6,4.3,-,95.7
215023,岐阜県,富加町,0.42,89.5,10.1,-,96.6
215031,岐阜県,川辺町,0.42,84.6,9.1,-,94.1
215040,岐阜県,七宗町,0.24,75.0,2.8,-,97.0
215058,岐阜県,八百津町,0.40,83.7,3.4,-,96.5
215066,岐阜県,白川町,0.27,82.0,10.0,-,94.1
215074,岐阜県,東白川村,0.15,107.2,15.8,32.6,94.6
215210,岐阜県,御嵩町,0.59,84.8,6.5,-,97.3
216046,岐阜県,白川村,0.32,64.2,3.2,-,95.0
221007,静岡県,静岡市,0.83,92.8,6.1,31.9,101.5
221309,静岡県,浜松市,0.81,91.2,3.8,-,100.1
222038,静岡県,沼津市,0.91,87.8,4.6,12.1,102.3
222054,静岡県,熱海市,0.84,88.5,4.3,-,102.8
222062,静岡県,三島市,0.86,89.2,6.4,26.2,102.4
222071,静岡県,富士宮市,0.84,90.3,3.4,-,101.3
222089,静岡県,伊東市,0.65,88.1,5.9,-,100.5
222097,静岡県,島田市,0.69,92.5,5.7,9.3,100.0
222101,静岡県,富士市,1.00,90.4,3.8,63.8,101.4
222119,静岡県,磐田市,0.78,87.4,0.9,-,98.7
222127,静岡県,焼津市,0.82,92.5,6.3,-,100.1
222135,静岡県,掛川市,0.84,89.2,7.9,15.6,101.4
222143,静岡県,藤枝市,0.82,88.9,5.0,-,101.7
222151,静岡県,御殿場市,1.02,85.4,10.4,11.0,101.0
222160,静岡県,袋井市,0.81,92.8,5.1,52.5,101.5
222194,静岡県,下田市,0.46,85.7,6.8,46.8,99.0
222208,静岡県,裾野市,0.95,96.8,12.2,27.3,100.1
222216,静岡県,湖西市,1.00,92.6,4.9,2.4,101.6
222224,静岡県,伊豆市,0.45,88.0,6.4,46.0,95.4
222232,静岡県,御前崎市,0.92,89.7,1.0,-,97.5
222241,静岡県,菊川市,0.70,93.4,8.9,-,98.2
222259,静岡県,伊豆の国市,0.63,90.7,7.2,27.5,97.7
222267,静岡県,牧之原市,0.70,90.5,5.8,-,95.9
223018,静岡県,東伊豆町,0.54,83.1,7.4,20.0,92.7
223026,静岡県,河津町,0.39,89.7,5.9,-,94.7
223042,静岡県,南伊豆町,0.29,85.4,7.6,-,97.2
223051,静岡県,松崎町,0.26,86.3,5.3,-,96.0
223069,静岡県,西伊豆町,0.26,81.7,4.3,-,96.7
223255,静岡県,函南町,0.72,91.5,5.1,17.2,97.2
223417,静岡県,清水町,0.92,87.8,6.4,14.9,94.9
223425,静岡県,長泉町,1.14,83.5,1.6,-,96.6
223441,静岡県,小山町,0.85,89.6,10.3,30.7,98.8
224243,静岡県,吉田町,0.87,88.1,10.7,18.7,95.8
224294,静岡県,川根本町,0.33,86.4,1.0,-,94.5
224618,静岡県,森町,0.54,93.1,12.9,28.4,95.8
231002,愛知県,名古屋市,0.97,99.9,6.4,83.0,98.8
232017,愛知県,豊橋市,0.98,90.0,5.1,27.1,96.0
232025,愛知県,岡崎市,1.00,91.9,1.1,-,99.6
232033,愛知県,一宮市,0.77,90.7,3.5,11.0,100.4
232041,愛知県,瀬戸市,0.81,88.0,1.1,-,99.3
232050,愛知県,半田市,0.96,83.4,0.6,-,98.9
232068,愛知県,春日井市,0.93,97.4,4.3,21.9,100.7
232076,愛知県,豊川市,0.79,86.1,▲ 0.9,-,101.0
232084,愛知県,津島市,0.71,94.6,4.9,-,96.7
232092,愛知県,碧南市,1.16,97.5,3.1,2.8,96.4
232106,愛知県,刈谷市,1.24,84.4,▲ 1.5,-,99.0
232114,愛知県,豊田市,1.34,75.1,1.2,-,99.8
232122,愛知県,安城市,1.25,84.7,0.6,-,99.2
232131,愛知県,西尾市,0.94,93.8,1.6,-,99.7
232149,愛知県,蒲郡市,0.80,92.8,0.9,-,100.9
232157,愛知県,犬山市,0.85,92.2,2.7,-,100.8
232165,愛知県,常滑市,0.93,86.9,12.0,101.2,96.4
232173,愛知県,江南市,0.75,93.8,3.2,-,99.3
232190,愛知県,小牧市,1.18,92.9,0.8,-,101.2
232203,愛知県,稲沢市,0.84,92.0,3.2,-,100.1
232211,愛知県,新城市,0.53,92.5,7.9,49.0,98.2
232220,愛知県,東海市,1.26,84.0,0.8,17.1,100.7
232238,愛知県,大府市,1.12,83.6,▲ 0.2,-,97.4
232246,愛知県,知多市,0.92,94.0,2.9,19.3,96.3
232254,愛知県,知立市,0.95,90.0,1.7,-,99.4
232262,愛知県,尾張旭市,0.84,89.5,3.6,-,98.3
232271,愛知県,高浜市,1.01,97.6,2.9,28.8,96.6
232289,愛知県,岩倉市,0.74,91.6,3.8,4.0,100.1
232297,愛知県,豊明市,0.84,90.0,1.0,-,97.7
232301,愛知県,日進市,1.00,85.1,0.7,-,98.8
232319,愛知県,田原市,0.93,99.0,2.3,-,99.6
232327,愛知県,愛西市,0.59,94.4,4.8,-,97.5
232335,愛知県,清須市,0.78,91.8,2.3,-,97.5
232343,愛知県,北名古屋市,0.83,92.8,5.2,-,98.8
232351,愛知県,弥富市,0.92,91.9,5.0,84.6,97.5
232360,愛知県,みよし市,1.34,84.7,2.2,-,97.5
232378,愛知県,あま市,0.68,92.3,6.4,55.8,96.5
232386,愛知県,長久手市,1.03,94.7,1.7,-,97.8
233021,愛知県,東郷町,0.85,97.1,1.0,-,98.2
233421,愛知県,豊山町,1.09,87.1,1.3,-,100.1
233617,愛知県,大口町,1.11,74.8,1.4,-,94.9
233625,愛知県,扶桑町,0.75,89.7,0.6,-,96.8
234249,愛知県,大治町,0.78,91.9,3.2,16.3,96.1
234257,愛知県,蟹江町,0.81,92.0,5.4,57.1,93.6
234273,愛知県,飛島村,1.94,74.7,▲ 0.6,-,97.8
234419,愛知県,阿久比町,0.71,89.7,5.1,15.9,98.3
234427,愛知県,東浦町,0.87,88.2,0.3,-,96.2
234451,愛知県,南知多町,0.47,90.3,6.7,66.0,97.0
234460,愛知県,美浜町,0.62,88.8,2.0,9.0,98.5
234478,愛知県,武豊町,1.05,65.3,0.1,3.8,99.6
235016,愛知県,幸田町,1.04,91.0,0.4,-,99.2
235610,愛知県,設楽町,0.23,79.8,7.0,-,94.4
235628,愛知県,東栄町,0.18,83.5,10.1,-,93.8
235636,愛知県,豊根村,0.26,93.0,7.5,-,93.5
242012,三重県,津市,0.67,98.6,5.2,22.6,99.1
242021,三重県,四日市市,1.14,80.7,3.3,-,101.9
242039,三重県,伊勢市,0.57,94.8,5.4,-,98.6
242047,三重県,松阪市,0.59,88.7,1.5,-,98.0
242055,三重県,桑名市,0.80,92.6,7.2,36.4,100.5
242071,三重県,鈴鹿市,0.86,93.4,1.5,-,100.1
242080,三重県,名張市,0.63,100.0,15.5,130.5,96.0
242098,三重県,尾鷲市,0.34,94.3,8.8,1.4,97.0
242101,三重県,亀山市,0.82,86.8,3.0,-,100.1
242110,三重県,鳥羽市,0.40,87.5,7.7,-,96.1
242128,三重県,熊野市,0.25,81.9,5.5,-,100.4
242144,三重県,いなべ市,0.76,89.3,9.8,0.8,99.8
242152,三重県,志摩市,0.39,96.8,8.8,15.4,97.3
242161,三重県,伊賀市,0.60,96.6,8.6,56.3,96.8
243035,三重県,木曽岬町,0.47,73.3,4.5,-,97.3
243248,三重県,東員町,0.70,87.1,3.6,-,98.9
243418,三重県,菰野町,0.74,88.4,4.2,-,100.3
243434,三重県,朝日町,0.70,87.8,7.4,2.6,101.6
243442,三重県,川越町,1.20,76.3,1.9,-,101.5
244414,三重県,多気町,0.49,88.2,3.6,-,96.7
244422,三重県,明和町,0.53,101.4,11.9,79.1,95.8
244431,三重県,大台町,0.24,88.9,8.5,2.2,95.6
244619,三重県,玉城町,0.54,80.5,6.4,24.9,95.5
244708,三重県,度会町,0.34,73.2,4.7,-,94.4
244716,三重県,大紀町,0.19,87.1,11.0,-,93.5
244724,三重県,南伊勢町,0.20,99.1,11.3,55.3,92.4
245437,三重県,紀北町,0.27,91.4,7.5,18.1,97.2
245615,三重県,御浜町,0.27,88.8,8.6,-,96.4
245623,三重県,紀宝町,0.28,89.8,11.2,-,96.3
252018,滋賀県,大津市,0.77,92.4,▲ 0.4,-,99.5
252026,滋賀県,彦根市,0.75,97.1,7.6,59.0,98.7
252034,滋賀県,長浜市,0.53,91.8,1.0,-,97.3
252042,滋賀県,近江八幡市,0.64,89.5,0.4,-,99.4
252069,滋賀県,草津市,0.91,89.4,4.7,-,101.2
252077,滋賀県,守山市,0.80,93.3,3.7,13.4,101.0
252085,滋賀県,栗東市,0.96,94.5,11.8,77.4,98.0
252093,滋賀県,甲賀市,0.63,91.7,6.1,28.2,97.3
252107,滋賀県,野洲市,0.79,94.9,7.6,33.8,101.3
252115,滋賀県,湖南市,0.73,88.2,7.8,-,100.3
252123,滋賀県,高島市,0.37,96.2,7.5,-,98.3
252131,滋賀県,東近江市,0.60,88.2,6.0,-,100.2
252140,滋賀県,米原市,0.51,87.7,4.8,-,98.8
253839,滋賀県,日野町,0.65,94.2,6.5,22.8,97.3
253847,滋賀県,竜王町,0.98,88.0,4.5,-,98.7
254258,滋賀県,愛荘町,0.56,95.4,5.4,32.6,97.3
254410,滋賀県,豊郷町,0.42,86.4,0.3,-,95.4
254428,滋賀県,甲良町,0.36,87.2,9.2,-,98.4
254436,滋賀県,多賀町,0.55,82.1,6.8,17.5,99.3
261009,京都府,京都市,0.80,98.5,11.8,140.5,101.4
262013,京都府,福知山市,0.51,93.7,9.8,28.2,99.7
262021,京都府,舞鶴市,0.62,93.9,13.2,70.3,100.6
262030,京都府,綾部市,0.48,91.7,10.3,95.7,97.8
262048,京都府,宇治市,0.70,93.0,▲ 1.0,-,100.7
262056,京都府,宮津市,0.38,97.8,14.3,128.5,96.4
262064,京都府,亀岡市,0.58,92.4,13.2,65.3,99.2
262072,京都府,城陽市,0.59,98.9,10.8,116.7,99.1
262081,京都府,向日市,0.68,93.4,2.1,-,99.8
262099,京都府,長岡京市,0.76,96.7,2.6,17.4,101.0
262102,京都府,八幡市,0.63,96.8,3.4,22.9,98.9
262111,京都府,京田辺市,0.76,95.9,1.7,-,100.4
262129,京都府,京丹後市,0.29,95.2,13.0,113.4,94.8
262137,京都府,南丹市,0.31,97.3,12.7,54.7,97.0
262145,京都府,木津川市,0.60,94.2,9.8,-,97.4
263036,京都府,大山崎町,0.74,89.5,4.5,-,101.9
263222,京都府,久御山町,1.11,82.4,1.1,-,98.5
263435,京都府,井手町,0.36,73.9,▲ 0.5,-,94.3
263443,京都府,宇治田原町,0.56,86.3,9.9,95.1,96.7
263648,京都府,笠置町,0.19,98.7,6.3,-,93.0
263656,京都府,和束町,0.18,85.4,10.7,-,97.1
263664,京都府,精華町,0.70,97.3,10.2,33.2,98.8
263672,京都府,南山城村,0.20,90.9,9.0,-,95.0
264075,京都府,京丹波町,0.27,92.5,15.8,66.6,93.5
264636,京都府,伊根町,0.10,86.4,9.1,-,96.3
264652,京都府,与謝野町,0.27,95.3,17.6,89.1,94.3
271004,大阪府,大阪市,0.92,92.0,0.9,-,98.8
271403,大阪府,堺市,0.76,100.9,5.4,-,100.3
272027,大阪府,岸和田市,0.61,93.6,4.8,-,99.5
272035,大阪府,豊中市,0.85,92.1,2.2,-,99.9
272043,大阪府,池田市,0.78,97.4,2.0,-,101.2
272051,大阪府,吹田市,0.95,96.2,0.2,-,100.0
272060,大阪府,泉大津市,0.69,96.7,8.9,9.5,95.8
272078,大阪府,高槻市,0.76,91.7,▲ 2.2,-,97.3
272086,大阪府,貝塚市,0.63,98.4,5.0,16.7,99.9
272094,大阪府,守口市,0.68,97.7,5.5,2.5,98.7
272108,大阪府,枚方市,0.76,97.6,1.5,-,98.1
272116,大阪府,茨木市,0.97,92.6,▲ 0.6,-,101.2
272124,大阪府,八尾市,0.70,100.6,3.1,-,97.9
272132,大阪府,泉佐野市,0.86,104.3,7.6,8.7,94.8
272141,大阪府,富田林市,0.60,95.3,▲ 0.7,-,99.4
272159,大阪府,寝屋川市,0.62,88.8,▲ 1.4,-,93.2
272167,大阪府,河内長野市,0.57,95.3,2.2,-,95.5
272175,大阪府,松原市,0.58,97.6,2.4,-,99.2
272183,大阪府,大東市,0.70,99.6,4.1,-,96.2
272191,大阪府,和泉市,0.70,95.5,5.8,-,97.2
272205,大阪府,箕面市,0.89,91.7,2.1,-,95.3
272213,大阪府,柏原市,0.59,98.4,5.1,7.5,99.7
272221,大阪府,羽曳野市,0.55,99.6,3.9,-,100.2
272230,大阪府,門真市,0.66,97.3,3.9,4.3,96.8
272248,大阪府,摂津市,0.93,98.5,▲ 0.4,-,99.9
272256,大阪府,高石市,0.78,98.5,10.3,75.2,100.0
272264,大阪府,藤井寺市,0.60,100.2,3.2,43.0,94.8
272272,大阪府,東大阪市,0.73,94.7,5.9,-,100.0
272281,大阪府,泉南市,0.68,101.2,8.6,40.9,98.1
272299,大阪府,四條畷市,0.57,99.3,3.5,-,96.7
272302,大阪府,交野市,0.67,93.8,6.1,31.0,97.9
272311,大阪府,大阪狭山市,0.64,98.4,4.0,-,99.5
272329,大阪府,阪南市,0.51,94.9,5.3,20.2,97.7
273015,大阪府,島本町,0.67,94.5,6.3,-,97.3
273210,大阪府,豊能町,0.40,92.0,5.5,-,98.1
273228,大阪府,能勢町,0.34,92.6,14.7,84.2,98.8
273414,大阪府,忠岡町,0.53,99.9,5.6,18.0,101.5
273619,大阪府,熊取町,0.55,98.0,1.3,-,96.3
273627,大阪府,田尻町,1.24,72.2,3.2,-,99.5
273660,大阪府,岬町,0.45,94.6,11.6,107.0,99.5
273813,大阪府,太子町,0.45,93.4,4.2,-,99.7
273821,大阪府,河南町,0.42,89.5,6.9,-,100.5
273830,大阪府,千早赤阪村,0.25,76.1,7.2,-,96.3
281000,兵庫県,神戸市,0.76,97.6,4.9,62.6,100.1
282014,兵庫県,姫路市,0.85,87.7,3.5,9.6,101.0
282022,兵庫県,尼崎市,0.81,97.4,8.1,2.8,97.8
282031,兵庫県,明石市,0.72,92.5,4.3,21.5,100.3
282049,兵庫県,西宮市,0.93,98.3,4.7,-,101.5
282057,兵庫県,洲本市,0.47,96.1,12.8,41.3,99.2
282065,兵庫県,芦屋市,1.05,94.6,7.7,48.6,101.5
282073,兵庫県,伊丹市,0.77,92.5,4.6,-,99.5
282081,兵庫県,相生市,0.52,98.9,11.1,62.2,98.6
282090,兵庫県,豊岡市,0.38,93.8,14.1,27.2,95.6
282103,兵庫県,加古川市,0.86,93.2,2.0,-,100.6
282120,兵庫県,赤穂市,0.64,92.5,9.5,60.0,97.7
282138,兵庫県,西脇市,0.44,90.8,10.4,-,99.3
282146,兵庫県,宝塚市,0.82,95.8,5.0,1.9,99.7
282154,兵庫県,三木市,0.66,93.5,6.4,17.1,100.9
282162,兵庫県,高砂市,0.80,91.3,5.2,51.6,99.4
282171,兵庫県,川西市,0.65,100.0,7.9,73.4,98.7
282189,兵庫県,小野市,0.70,90.6,8.1,-,100.1
282197,兵庫県,三田市,0.83,95.4,5.1,-,97.9
282201,兵庫県,加西市,0.63,96.8,10.1,-,99.9
282219,兵庫県,丹波篠山市,0.41,93.1,15.4,76.1,98.1
282227,兵庫県,養父市,0.24,97.4,8.8,-,96.4
282235,兵庫県,丹波市,0.43,90.9,6.8,-,96.4
282243,兵庫県,南あわじ市,0.39,92.2,13.0,48.6,98.0
282251,兵庫県,朝来市,0.39,89.9,10.7,-,96.5
282260,兵庫県,淡路市,0.36,93.8,13.6,55.6,97.5
282278,兵庫県,宍粟市,0.34,94.1,7.0,54.8,97.2
282286,兵庫県,加東市,0.63,91.1,6.6,-,98.2
282294,兵庫県,たつの市,0.52,87.2,7.2,-,99.0
283011,兵庫県,猪名川町,0.60,89.1,2.8,-,99.2
283657,兵庫県,多可町,0.34,90.2,11.9,-,97.6
283819,兵庫県,稲美町,0.70,85.5,5.7,-,97.6
283827,兵庫県,播磨町,0.82,93.9,2.2,-,97.1
284424,兵庫県,市川町,0.36,87.5,9.5,69.5,96.4
284432,兵庫県,福崎町,0.68,96.3,12.3,67.4,98.6
284467,兵庫県,神河町,0.35,93.1,11.9,51.7,97.8
284645,兵庫県,太子町,0.62,89.8,11.3,20.1,97.2
284815,兵庫県,上郡町,0.50,91.4,14.2,108.2,96.1
285013,兵庫県,佐用町,0.28,83.4,1.7,-,95.8
285854,兵庫県,香美町,0.23,92.7,10.2,24.1,94.1
285862,兵庫県,新温泉町,0.24,90.3,11.2,22.6,96.4
292010,奈良県,奈良市,0.70,96.9,9.8,81.7,98.9
292028,奈良県,大和高田市,0.46,98.2,5.7,25.4,97.1
292036,奈良県,大和郡山市,0.64,92.0,6.1,2.6,98.5
292044,奈良県,天理市,0.57,96.8,9.2,24.8,101.8
292052,奈良県,橿原市,0.70,92.1,3.8,22.9,98.1
292061,奈良県,桜井市,0.51,97.4,6.8,58.1,100.0
292079,奈良県,五條市,0.33,93.8,8.8,84.8,96.7
292087,奈良県,御所市,0.38,98.8,11.1,74.2,98.9
292095,奈良県,生駒市,0.74,90.2,1.9,-,100.5
292109,奈良県,香芝市,0.65,92.4,11.1,51.5,99.7
292117,奈良県,葛城市,0.49,92.3,8.2,11.7,94.6
292125,奈良県,宇陀市,0.28,95.4,11.0,79.9,99.1
293229,奈良県,山添村,0.25,82.3,3.6,-,98.9
293423,奈良県,平群町,0.41,88.4,12.7,140.7,92.1
293431,奈良県,三郷町,0.44,89.4,3.9,45.3,97.1
293440,奈良県,斑鳩町,0.50,93.8,8.1,9.6,98.4
293458,奈良県,安堵町,0.34,89.6,6.2,6.0,96.9
293610,奈良県,川西町,0.43,86.7,7.2,-,94.4
293628,奈良県,三宅町,0.26,88.8,10.0,-,91.5
293636,奈良県,田原本町,0.55,98.6,12.0,27.7,95.6
293857,奈良県,曽爾村,0.12,83.6,7.5,-,95.2
293865,奈良県,御杖村,0.13,78.5,4.3,-,95.8
294012,奈良県,高取町,0.29,86.7,8.3,30.6,98.3
294021,奈良県,明日香村,0.22,94.6,5.3,55.0,97.5
294241,奈良県,上牧町,0.46,96.6,12.7,80.9,93.8
294250,奈良県,王寺町,0.58,94.5,6.7,-,91.2
294268,奈良県,広陵町,0.58,92.7,6.5,16.4,97.4
294276,奈良県,河合町,0.47,99.6,14.8,140.8,92.2
294411,奈良県,吉野町,0.25,89.5,7.4,72.4,93.0
294420,奈良県,大淀町,0.41,90.2,7.7,13.6,96.0
294438,奈良県,下市町,0.20,83.6,8.9,-,92.5
294446,奈良県,黒滝村,0.11,92.5,5.1,-,91.7
294462,奈良県,天川村,0.14,88.4,10.2,-,90.0
294471,奈良県,野迫川村,0.12,83.8,10.5,-,92.2
294497,奈良県,十津川村,0.23,86.0,8.5,-,93.6
294501,奈良県,下北山村,0.21,85.6,7.9,-,90.7
294519,奈良県,上北山村,0.12,91.1,4.9,-,90.4
294527,奈良県,川上村,0.28,89.0,8.6,-,93.5
294535,奈良県,東吉野村,0.13,81.0,8.9,-,93.0
302015,和歌山県,和歌山市,0.77,95.9,9.5,84.9,99.3
302023,和歌山県,海南市,0.51,99.3,9.1,69.7,92.4
302031,和歌山県,橋本市,0.45,102.3,12.2,34.2,97.0
302040,和歌山県,有田市,0.51,105.9,7.9,-,96.4
302058,和歌山県,御坊市,0.50,101.8,13.1,86.1,96.9
302066,和歌山県,田辺市,0.38,98.7,8.2,-,99.6
302074,和歌山県,新宮市,0.36,97.4,11.8,-,97.2
302082,和歌山県,紀の川市,0.41,94.6,4.0,-,97.5
302091,和歌山県,岩出市,0.61,81.6,3.3,-,93.4
303046,和歌山県,紀美野町,0.21,98.3,9.9,45.2,94.3
303411,和歌山県,かつらぎ町,0.34,98.3,9.4,24.1,97.0
303437,和歌山県,九度山町,0.19,93.1,10.6,-,96.6
303445,和歌山県,高野町,0.19,86.7,4.2,-,90.2
303615,和歌山県,湯浅町,0.32,92.4,8.3,-,96.8
303623,和歌山県,広川町,0.29,92.2,7.6,-,95.1
303666,和歌山県,有田川町,0.35,87.7,13.1,-,96.2
303810,和歌山県,美浜町,0.27,93.8,6.5,-,98.1
303828,和歌山県,日高町,0.29,96.2,11.3,61.5,96.0
303836,和歌山県,由良町,0.26,87.4,13.2,132.3,95.0
303909,和歌山県,印南町,0.32,78.0,6.5,-,98.4
303917,和歌山県,みなべ町,0.33,91.7,10.2,-,93.4
303925,和歌山県,日高川町,0.24,87.1,10.6,-,94.5
304018,和歌山県,白浜町,0.43,93.3,7.8,25.4,97.0
304042,和歌山県,上富田町,0.48,88.3,11.2,-,97.5
304069,和歌山県,すさみ町,0.20,91.7,8.9,-,97.7
304212,和歌山県,那智勝浦町,0.30,96.6,7.9,13.5,97.0
304221,和歌山県,太地町,0.15,99.0,9.4,27.6,96.0
304247,和歌山県,古座川町,0.15,81.5,5.3,-,99.4
304271,和歌山県,北山村,0.13,88.5,8.9,-,97.0
304280,和歌山県,串本町,0.26,91.4,10.0,46.2,94.1
312011,鳥取県,鳥取市,0.50,88.7,8.8,65.0,96.9
312029,鳥取県,米子市,0.65,91.4,8.7,45.4,95.0
312037,鳥取県,倉吉市,0.43,90.4,7.7,42.4,95.5
312045,鳥取県,境港市,0.54,90.3,10.2,92.2,94.3
313025,鳥取県,岩美町,0.26,88.8,9.0,-,94.1
313254,鳥取県,若桜町,0.13,91.9,8.9,-,93.4
313289,鳥取県,智頭町,0.19,96.0,13.5,43.1,95.7
313297,鳥取県,八頭町,0.23,91.9,9.3,20.7,93.0
313645,鳥取県,三朝町,0.22,85.0,8.6,-,92.8
313700,鳥取県,湯梨浜町,0.27,89.0,6.5,2.1,92.2
313718,鳥取県,琴浦町,0.30,92.2,12.3,50.4,93.9
313726,鳥取県,北栄町,0.29,86.9,9.5,38.9,94.3
313840,鳥取県,日吉津村,0.50,79.3,10.3,-,95.1
313866,鳥取県,大山町,0.26,93.9,10.2,-,93.0
313891,鳥取県,南部町,0.25,88.7,9.0,12.2,90.0
313904,鳥取県,伯耆町,0.27,87.4,7.9,-,94.0
314013,鳥取県,日南町,0.16,94.4,7.5,-,94.2
314021,鳥取県,日野町,0.16,85.0,8.4,-,91.7
314030,鳥取県,江府町,0.27,90.3,15.3,90.3,92.8
322016,島根県,松江市,0.56,93.1,9.5,63.3,98.4
322024,島根県,浜田市,0.41,91.6,10.5,6.3,97.6
322032,島根県,出雲市,0.56,84.3,12.3,160.1,98.6
322041,島根県,益田市,0.39,92.8,10.1,66.7,99.1
322059,島根県,大田市,0.30,96.2,10.8,65.5,99.0
322067,島根県,安来市,0.35,90.8,12.4,78.3,99.5
322075,島根県,江津市,0.34,96.2,10.8,53.6,98.4
322091,島根県,雲南市,0.25,97.1,11.2,92.1,98.7
323438,島根県,奥出雲町,0.18,89.0,15.6,139.8,92.0
323861,島根県,飯南町,0.13,97.6,9.7,26.7,98.6
324418,島根県,川本町,0.15,92.2,8.1,-,97.4
324485,島根県,美郷町,0.13,89.5,12.7,73.3,96.5
324493,島根県,邑南町,0.18,93.6,12.5,89.4,98.1
325015,島根県,津和野町,0.16,88.0,11.1,89.5,97.6
325058,島根県,吉賀町,0.16,88.6,8.4,50.6,99.2
325252,島根県,海士町,0.10,83.1,3.2,-,97.7
325261,島根県,西ノ島町,0.10,91.8,12.4,59.0,98.7
325279,島根県,知夫村,0.06,88.9,12.6,60.6,97.6
325287,島根県,隠岐の島町,0.19,89.4,12.1,135.4,98.9
331007,岡山県,岡山市,0.74,90.0,5.6,-,101.1
332020,岡山県,倉敷市,0.83,91.2,3.0,-,100.5
332038,岡山県,津山市,0.51,92.9,12.7,86.3,100.0
332046,岡山県,玉野市,0.52,95.1,4.3,-,98.2
332054,岡山県,笠岡市,0.56,97.3,7.8,48.2,99.6
332071,岡山県,井原市,0.39,87.6,9.5,-,99.4
332089,岡山県,総社市,0.56,94.6,6.5,-,97.6
332097,岡山県,高梁市,0.30,96.0,11.3,48.1,98.1
332101,岡山県,新見市,0.26,85.2,7.6,0.5,97.6
332119,岡山県,備前市,0.41,88.9,9.1,-,98.0
332127,岡山県,瀬戸内市,0.55,88.9,8.7,41.4,96.6
332135,岡山県,赤磐市,0.43,91.2,7.9,-,96.3
332143,岡山県,真庭市,0.29,93.4,10.9,-,97.8
332151,岡山県,美作市,0.28,89.8,10.8,-,97.1
332160,岡山県,浅口市,0.42,92.5,7.1,-,97.8
333468,岡山県,和気町,0.32,88.3,8.0,18.9,94.1
334235,岡山県,早島町,0.66,90.7,5.2,-,97.7
334456,岡山県,里庄町,0.51,88.3,7.6,-,94.7
334618,岡山県,矢掛町,0.32,88.8,8.4,-,98.0
335860,岡山県,新庄村,0.18,89.4,6.7,-,94.4
336068,岡山県,鏡野町,0.29,86.4,12.1,43.3,95.6
336220,岡山県,勝央町,0.48,85.2,12.8,-,97.0
336238,岡山県,奈義町,0.30,83.4,7.7,-,95.0
336432,岡山県,西粟倉村,0.12,94.4,13.8,25.2,95.4
336637,岡山県,久米南町,0.22,84.7,10.3,-,95.4
336661,岡山県,美咲町,0.26,82.3,9.3,-,95.6
336815,岡山県,吉備中央町,0.28,88.6,8.8,-,95.5
341002,広島県,広島市,0.78,98.7,9.6,165.4,99.9
342025,広島県,呉市,0.58,95.1,5.4,34.9,98.1
342033,広島県,竹原市,0.71,93.4,8.6,32.3,100.6
342041,広島県,三原市,0.53,95.4,9.6,11.4,96.4
342050,広島県,尾道市,0.51,94.9,7.8,5.5,100.3
342076,広島県,福山市,0.78,82.6,1.1,-,100.3
342084,広島県,府中市,0.43,96.1,8.0,47.4,99.4
342092,広島県,三次市,0.34,98.0,7.3,31.8,97.1
342106,広島県,庄原市,0.26,97.9,11.4,72.7,96.5
342114,広島県,大竹市,0.73,96.9,13.0,91.4,98.5
342122,広島県,東広島市,0.85,92.7,2.9,-,100.2
342131,広島県,廿日市市,0.58,95.4,6.8,64.7,98.5
342149,広島県,安芸高田市,0.33,92.1,10.9,62.9,99.2
342157,広島県,江田島市,0.30,97.9,7.8,-,98.0
343021,広島県,府中町,0.78,96.1,8.5,83.0,98.6
343048,広島県,海田町,0.78,88.0,7.0,0.9,96.9
343072,広島県,熊野町,0.49,91.7,6.5,-,93.8
343099,広島県,坂町,0.60,88.5,5.5,-,94.3
343684,広島県,安芸太田町,0.19,97.9,12.6,1.1,96.1
343692,広島県,北広島町,0.35,89.3,12.2,37.0,97.4
344311,広島県,大崎上島町,0.29,93.8,10.7,-,95.9
344621,広島県,世羅町,0.32,94.5,9.3,1.5,96.0
345458,広島県,神石高原町,0.20,81.2,6.2,-,95.8
352012,山口県,下関市,0.54,94.4,9.9,45.3,98.7
352021,山口県,宇部市,0.70,93.9,2.5,34.8,100.3
352039,山口県,山口市,0.62,95.4,6.1,72.1,99.9
352047,山口県,萩市,0.32,92.4,5.8,-,98.4
352063,山口県,防府市,0.75,92.4,3.5,-,100.1
352071,山口県,下松市,0.83,97.3,4.5,14.6,98.9
352080,山口県,岩国市,0.54,92.1,4.5,-,97.7
352101,山口県,光市,0.61,95.7,5.9,-,98.3
352110,山口県,長門市,0.32,94.7,6.0,-,96.7
352128,山口県,柳井市,0.50,92.3,8.5,39.3,97.2
352136,山口県,美祢市,0.39,98.0,8.4,103.8,98.4
352152,山口県,周南市,0.76,94.7,9.2,66.0,100.6
352161,山口県,山陽小野田市,0.55,95.6,9.5,37.6,100.0
353051,山口県,周防大島町,0.23,115.5,11.9,-,94.1
353213,山口県,和木町,0.62,106.2,7.7,13.7,96.3
353418,山口県,上関町,0.11,93.2,9.5,-,95.3
353434,山口県,田布施町,0.44,90.6,9.7,21.9,97.3
353442,山口県,平生町,0.39,90.6,12.2,116.5,95.5
355020,山口県,阿武町,0.15,78.9,▲ 0.5,-,97.2
362018,徳島県,徳島市,0.77,96.6,5.7,31.9,99.1
362026,徳島県,鳴門市,0.61,92.0,11.9,95.2,96.8
362034,徳島県,小松島市,0.55,97.5,12.2,62.5,98.7
362042,徳島県,阿南市,0.75,95.8,6.1,0.0,97.7
362051,徳島県,吉野川市,0.36,93.7,6.3,-,99.2
362069,徳島県,阿波市,0.35,97.5,7.9,-,99.3
362077,徳島県,美馬市,0.30,98.4,9.3,34.9,98.3
362085,徳島県,三好市,0.23,93.5,6.7,-,97.7
363014,徳島県,勝浦町,0.23,86.8,5.2,-,95.9
363022,徳島県,上勝町,0.13,89.4,5.3,-,95.1
363219,徳島県,佐那河内村,0.15,79.8,1.5,-,98.2
363413,徳島県,石井町,0.49,91.0,4.5,-,99.2
363421,徳島県,神山町,0.19,78.7,2.7,-,96.8
363685,徳島県,那賀町,0.20,89.0,8.6,-,95.4
363839,徳島県,牟岐町,0.16,93.9,7.8,-,96.4
363871,徳島県,美波町,0.16,98.8,9.0,29.6,92.6
363880,徳島県,海陽町,0.19,87.9,1.2,-,90.5
364011,徳島県,松茂町,0.82,83.4,▲ 1.2,-,92.8
364029,徳島県,北島町,0.72,91.5,5.7,-,94.7
364037,徳島県,藍住町,0.67,87.2,6.9,-,96.0
364045,徳島県,板野町,0.45,92.1,5.0,-,96.5
364053,徳島県,上板町,0.38,85.8,4.5,-,95.6
364681,徳島県,つるぎ町,0.18,97.3,11.1,-,93.2
364894,徳島県,東みよし町,0.29,96.3,9.5,-,98.4
372013,香川県,高松市,0.77,93.3,6.4,68.1,100.2
372021,香川県,丸亀市,0.60,93.6,10.2,-,98.8
372030,香川県,坂出市,0.78,87.8,7.8,73.3,99.8
372048,香川県,善通寺市,0.51,95.4,5.7,24.2,98.4
372056,香川県,観音寺市,0.59,92.4,9.9,32.0,99.5
372064,香川県,さぬき市,0.38,97.6,11.7,-,99.8
372072,香川県,東かがわ市,0.35,93.8,3.8,-,97.0
372081,香川県,三豊市,0.42,98.2,7.9,-,98.7
373222,香川県,土庄町,0.31,93.1,11.5,3.5,94.2
373249,香川県,小豆島町,0.29,90.6,5.8,-,95.9
373419,香川県,三木町,0.53,88.5,6.4,-,96.7
373648,香川県,直島町,0.42,87.1,10.9,-,99.7
373869,香川県,宇多津町,0.80,88.0,5.7,-,95.2
373877,香川県,綾川町,0.48,81.2,▲ 2.1,-,97.5
374032,香川県,琴平町,0.35,90.3,8.0,13.5,96.4
374041,香川県,多度津町,0.58,91.8,12.0,169.0,99.0
374067,香川県,まんのう町,0.34,85.8,8.4,-,97.3
382019,愛媛県,松山市,0.74,89.6,7.8,20.3,98.8
382027,愛媛県,今治市,0.51,95.3,9.3,-,95.9
382035,愛媛県,宇和島市,0.33,90.9,6.2,-,94.9
382043,愛媛県,八幡浜市,0.32,88.4,10.0,33.2,97.1
382051,愛媛県,新居浜市,0.76,85.2,2.7,-,98.9
382060,愛媛県,西条市,0.61,87.3,7.6,49.8,94.4
382078,愛媛県,大洲市,0.34,98.3,8.2,34.0,94.1
382108,愛媛県,伊予市,0.40,89.4,5.1,15.9,95.5
382132,愛媛県,四国中央市,0.72,87.0,8.0,54.3,98.1
382141,愛媛県,西予市,0.24,97.5,12.9,68.4,93.0
382159,愛媛県,東温市,0.48,96.3,10.4,8.1,97.1
383562,愛媛県,上島町,0.15,94.9,13.7,35.7,91.2
383864,愛媛県,久万高原町,0.20,87.8,10.4,-,91.9
384011,愛媛県,松前町,0.69,86.9,9.6,71.5,94.1
384020,愛媛県,砥部町,0.42,90.2,4.1,46.5,95.4
384224,愛媛県,内子町,0.27,82.6,2.5,-,92.7
384429,愛媛県,伊方町,0.56,88.3,6.5,-,95.0
384844,愛媛県,松野町,0.15,88.3,6.9,30.1,93.5
384887,愛媛県,鬼北町,0.22,90.6,7.0,-,93.9
385069,愛媛県,愛南町,0.22,92.6,10.0,-,92.5
392014,高知県,高知市,0.63,97.9,12.9,153.1,98.9
392022,高知県,室戸市,0.22,93.9,8.8,-,96.9
392031,高知県,安芸市,0.30,89.3,5.3,22.0,95.2
392049,高知県,南国市,0.59,90.5,9.2,79.5,95.9
392057,高知県,土佐市,0.38,91.3,12.3,65.3,96.9
392065,高知県,須崎市,0.41,94.3,12.5,-,97.0
392081,高知県,宿毛市,0.36,90.7,10.9,44.7,96.7
392090,高知県,土佐清水市,0.24,90.6,16.1,55.9,95.8
392103,高知県,四万十市,0.34,86.6,10.5,97.2,94.9
392111,高知県,香南市,0.33,90.8,4.9,-,95.4
392120,高知県,香美市,0.31,97.7,8.4,-,94.2
393011,高知県,東洋町,0.11,95.1,12.1,40.0,96.0
393029,高知県,奈半利町,0.17,92.5,3.5,-,97.0
393037,高知県,田野町,0.18,93.2,4.9,-,97.5
393045,高知県,安田町,0.15,96.0,8.1,-,94.6
393053,高知県,北川村,0.19,83.9,▲ 1.9,-,96.7
393061,高知県,馬路村,0.16,90.1,9.0,-,96.0
393070,高知県,芸西村,0.23,93.0,8.6,-,95.1
393410,高知県,本山町,0.15,89.5,10.0,24.4,95.3
393444,高知県,大豊町,0.17,67.4,4.1,-,91.9
393631,高知県,土佐町,0.20,83.2,7.8,-,97.3
393649,高知県,大川村,0.12,89.2,13.0,-,92.0
393860,高知県,いの町,0.35,89.7,8.9,-,96.5
393878,高知県,仁淀川町,0.17,82.1,▲ 1.7,-,94.1
394017,高知県,中土佐町,0.17,91.5,13.5,-,96.8
394025,高知県,佐川町,0.32,90.6,5.4,-,90.6
394033,高知県,越知町,0.19,97.9,10.0,0.7,95.6
394050,高知県,梼原町,0.14,91.7,5.5,-,91.8
394106,高知県,日高村,0.27,82.6,7.9,29.4,95.9
394114,高知県,津野町,0.16,73.2,▲ 6.9,-,94.0
394122,高知県,四万十町,0.22,93.9,6.6,-,94.8
394246,高知県,大月町,0.18,90.7,8.7,5.1,96.2
394271,高知県,三原村,0.12,94.2,12.9,-,95.0
394289,高知県,黒潮町,0.19,95.8,12.2,-,94.9
401005,福岡県,北九州市,0.69,97.1,10.1,143.2,101.7
401307,福岡県,福岡市,0.87,94.1,8.0,66.9,101.7
402028,福岡県,大牟田市,0.52,96.0,6.3,12.5,98.6
402036,福岡県,久留米市,0.64,95.6,3.5,3.8,99.7
402044,福岡県,直方市,0.55,98.9,6.8,35.2,99.2
402052,福岡県,飯塚市,0.49,97.8,7.1,-,99.0
402061,福岡県,田川市,0.43,98.4,8.5,-,95.4
402079,福岡県,柳川市,0.46,96.4,7.0,23.6,99.0
402109,福岡県,八女市,0.38,93.1,7.9,-,100.0
402117,福岡県,筑後市,0.66,91.1,8.5,7.3,98.9
402125,福岡県,大川市,0.50,93.3,10.0,39.3,99.7
402133,福岡県,行橋市,0.63,89.5,7.0,-,100.5
402141,福岡県,豊前市,0.53,92.8,8.6,-,97.0
402150,福岡県,中間市,0.45,93.7,4.0,-,99.8
402168,福岡県,小郡市,0.63,94.9,6.8,-,100.1
402176,福岡県,筑紫野市,0.75,87.7,2.7,-,99.4
402184,福岡県,春日市,0.73,88.1,2.7,-,99.8
402192,福岡県,大野城市,0.78,86.6,2.7,-,100.2
402206,福岡県,宗像市,0.58,93.6,▲ 0.6,-,93.7
402214,福岡県,太宰府市,0.63,94.5,2.7,-,100.6
402231,福岡県,古賀市,0.67,93.4,5.1,-,93.4
402249,福岡県,福津市,0.55,89.8,5.8,-,95.2
402257,福岡県,うきは市,0.38,85.3,6.5,-,97.1
402265,福岡県,宮若市,0.63,93.7,7.9,-,98.2
402273,福岡県,嘉麻市,0.28,108.0,7.1,11.5,97.7
402281,福岡県,朝倉市,0.50,92.5,8.1,-,98.9
402290,福岡県,みやま市,0.41,92.7,6.0,5.6,99.3
402303,福岡県,糸島市,0.56,85.7,6.3,-,98.8
402311,福岡県,那珂川市,0.69,93.1,7.3,-,99.7
403415,福岡県,宇美町,0.58,93.1,6.6,-,95.8
403423,福岡県,篠栗町,0.60,97.1,6.7,-,98.3
403431,福岡県,志免町,0.72,89.9,4.8,-,99.0
403440,福岡県,須恵町,0.62,91.6,6.5,25.3,97.3
403458,福岡県,新宮町,0.83,88.6,8.6,-,96.3
403482,福岡県,久山町,0.76,90.0,11.8,-,94.4
403491,福岡県,粕屋町,0.85,89.2,7.9,-,98.5
403814,福岡県,芦屋町,0.34,99.7,5.7,-,94.8
403822,福岡県,水巻町,0.50,88.4,5.4,11.4,95.4
403831,福岡県,岡垣町,0.53,91.7,3.8,-,98.1
403849,福岡県,遠賀町,0.54,87.5,7.0,-,94.6
404012,福岡県,小竹町,0.32,90.7,7.0,88.0,95.7
404021,福岡県,鞍手町,0.42,94.3,7.7,-,94.1
404217,福岡県,桂川町,0.39,96.2,3.6,-,96.7
404471,福岡県,筑前町,0.48,90.3,10.7,31.1,99.1
404489,福岡県,東峰村,0.12,80.9,7.0,-,96.8
405035,福岡県,大刀洗町,0.46,82.9,9.1,-,98.1
405221,福岡県,大木町,0.48,83.6,5.9,-,98.1
405442,福岡県,広川町,0.60,91.3,8.4,24.1,97.9
406015,福岡県,香春町,0.30,91.6,3.7,-,97.2
406023,福岡県,添田町,0.23,96.0,5.9,-,96.3
406040,福岡県,糸田町,0.22,97.7,5.8,-,98.6
406058,福岡県,川崎町,0.29,91.7,8.2,26.6,93.5
406082,福岡県,大任町,0.17,89.1,9.5,33.8,91.9
406091,福岡県,赤村,0.15,86.2,▲ 0.9,-,96.3
406104,福岡県,福智町,0.27,95.9,6.7,-,97.6
406210,福岡県,苅田町,1.25,80.5,9.5,16.4,99.5
406252,福岡県,みやこ町,0.34,89.3,6.3,-,96.7
406422,福岡県,吉富町,0.37,86.1,8.9,-,94.4
406465,福岡県,上毛町,0.28,88.5,0.1,-,94.6
406473,福岡県,築上町,0.32,99.8,10.6,25.9,98.8
412015,佐賀県,佐賀市,0.63,95.1,2.4,-,98.4
412023,佐賀県,唐津市,0.43,89.3,13.5,111.1,97.7
412031,佐賀県,鳥栖市,0.91,84.9,0.6,-,99.1
412040,佐賀県,多久市,0.35,93.7,12.4,-,98.3
412058,佐賀県,伊万里市,0.57,85.9,8.0,29.5,98.2
412066,佐賀県,武雄市,0.48,95.6,10.5,10.5,99.6
412074,佐賀県,鹿島市,0.47,93.4,9.3,101.2,97.3
412082,佐賀県,小城市,0.41,95.7,9.3,-,96.4
412091,佐賀県,嬉野市,0.38,93.1,8.7,-,94.5
412104,佐賀県,神埼市,0.43,94.0,9.3,37.1,97.5
413275,佐賀県,吉野ヶ里町,0.51,92.4,8.9,-,96.8
413411,佐賀県,基山町,0.63,91.5,6.6,-,99.1
413453,佐賀県,上峰町,0.52,91.0,7.5,-,95.7
413461,佐賀県,みやき町,0.41,100.6,10.0,15.8,95.6
413879,佐賀県,玄海町,1.26,67.8,1.0,-,96.3
414018,佐賀県,有田町,0.35,92.6,8.5,-,97.6
414239,佐賀県,大町町,0.29,92.2,7.6,-,95.4
414247,佐賀県,江北町,0.37,90.1,12.1,-,97.8
414255,佐賀県,白石町,0.33,91.6,10.2,-,96.6
414417,佐賀県,太良町,0.26,91.0,6.0,-,95.6
422011,長崎県,長崎市,0.57,97.9,10.4,96.0,97.5
422029,長崎県,佐世保市,0.53,94.2,5.5,-,98.5
422037,長崎県,島原市,0.42,95.5,5.5,-,97.6
422045,長崎県,諫早市,0.59,96.5,7.3,-,97.8
422053,長崎県,大村市,0.62,98.2,8.9,-,97.8
422070,長崎県,平戸市,0.24,91.3,3.3,-,96.7
422088,長崎県,松浦市,0.53,92.0,10.7,31.0,99.0
422096,長崎県,対馬市,0.20,90.4,8.8,18.8,98.1
422100,長崎県,壱岐市,0.22,95.1,7.6,18.5,95.9
422118,長崎県,五島市,0.24,93.9,8.4,-,96.6
422126,長崎県,西海市,0.29,87.8,0.7,-,98.9
422134,長崎県,雲仙市,0.28,89.4,4.3,-,98.3
422142,長崎県,南島原市,0.25,88.1,▲ 5.2,-,97.3
423076,長崎県,長与町,0.62,93.7,7.1,-,99.1
423084,長崎県,時津町,0.66,92.9,5.3,-,98.5
423211,長崎県,東彼杵町,0.30,90.5,8.9,21.4,96.0
423220,長崎県,川棚町,0.36,86.5,7.2,21.2,97.5
423238,長崎県,波佐見町,0.39,85.5,8.4,-,99.0
423831,長崎県,小値賀町,0.10,82.7,8.9,-,94.2
423912,長崎県,佐々町,0.48,91.0,8.8,-,99.7
424111,長崎県,新上五島町,0.22,80.6,1.4,-,97.2
431001,熊本県,熊本市,0.69,93.0,5.5,92.9,99.8
432024,熊本県,八代市,0.50,93.3,9.6,83.3,96.0
432032,熊本県,人吉市,0.43,94.3,7.7,9.0,94.2
432041,熊本県,荒尾市,0.47,95.5,9.6,92.8,95.3
432059,熊本県,水俣市,0.37,91.5,9.5,2.7,95.6
432067,熊本県,玉名市,0.43,97.6,8.5,17.9,97.7
432083,熊本県,山鹿市,0.34,97.0,9.6,-,97.3
432105,熊本県,菊池市,0.44,90.2,9.1,1.2,95.5
432113,熊本県,宇土市,0.50,94.9,11.6,-,96.4
432121,熊本県,上天草市,0.25,92.9,11.6,-,98.5
432130,熊本県,宇城市,0.40,96.1,10.7,23.2,99.1
432148,熊本県,阿蘇市,0.34,92.9,8.9,54.2,96.6
432156,熊本県,天草市,0.28,91.7,9.5,-,97.0
432164,熊本県,合志市,0.63,91.4,7.0,-,96.5
433489,熊本県,美里町,0.22,96.5,8.1,-,94.1
433641,熊本県,玉東町,0.30,92.5,6.1,-,95.8
433675,熊本県,南関町,0.38,89.2,8.1,18.2,93.7
433683,熊本県,長洲町,0.51,93.5,6.4,44.2,93.6
433691,熊本県,和水町,0.25,94.5,10.3,-,95.2
434035,熊本県,大津町,0.72,89.9,6.5,-,98.6
434043,熊本県,菊陽町,0.94,91.8,6.7,24.9,98.8
434230,熊本県,南小国町,0.19,88.3,6.6,-,95.9
434248,熊本県,小国町,0.24,85.6,9.0,-,94.5
434256,熊本県,産山村,0.15,85.4,8.2,-,93.8
434281,熊本県,高森町,0.25,73.4,5.0,-,95.5
434329,熊本県,西原村,0.34,93.1,8.5,-,97.5
434337,熊本県,南阿蘇村,0.21,95.4,12.7,22.3,95.7
434418,熊本県,御船町,0.35,89.0,14.2,-,93.1
434426,熊本県,嘉島町,0.61,86.3,10.7,66.7,93.8
434434,熊本県,益城町,0.48,93.1,10.0,22.4,93.5
434442,熊本県,甲佐町,0.29,83.7,7.9,-,92.4
434477,熊本県,山都町,0.23,83.2,3.9,4.2,93.6
434680,熊本県,氷川町,0.28,99.9,13.3,7.9,92.2
434825,熊本県,芦北町,0.35,89.5,4.9,-,93.8
434841,熊本県,津奈木町,0.23,84.8,3.5,-,94.7
435015,熊本県,錦町,0.39,84.9,8.9,2.5,93.9
435058,熊本県,多良木町,0.23,82.5,9.0,-,96.5
435066,熊本県,湯前町,0.16,85.3,5.7,-,94.0
435074,熊本県,水上村,0.16,84.5,11.7,-,92.9
435104,熊本県,相良村,0.20,84.9,8.7,-,94.4
435112,熊本県,五木村,0.21,91.4,11.9,-,94.0
435121,熊本県,山江村,0.15,88.8,9.3,-,93.1
435139,熊本県,球磨村,0.14,80.8,6.9,-,92.4
435147,熊本県,あさぎり町,0.23,85.7,8.3,-,94.6
435317,熊本県,苓北町,0.41,87.7,12.5,18.1,97.6
442011,大分県,大分市,0.86,97.3,5.9,41.1,100.8
442020,大分県,別府市,0.55,97.1,4.1,-,99.6
442038,大分県,中津市,0.51,93.8,5.5,33.2,100.1
442046,大分県,日田市,0.42,94.5,5.5,-,100.3
442054,大分県,佐伯市,0.33,95.5,10.0,-,100.1
442062,大分県,臼杵市,0.37,93.8,8.1,-,100.2
442071,大分県,津久見市,0.39,94.1,9.0,-,99.1
442089,大分県,竹田市,0.25,97.3,7.7,7.6,99.5
442097,大分県,豊後高田市,0.31,86.5,3.8,-,100.4
442101,大分県,杵築市,0.33,90.0,4.5,-,99.3
442119,大分県,宇佐市,0.42,96.8,6.9,20.7,100.0
442127,大分県,豊後大野市,0.28,92.4,6.3,-,99.9
442135,大分県,由布市,0.41,96.6,7.2,30.6,100.4
442143,大分県,国東市,0.29,95.7,4.5,-,99.8
443221,大分県,姫島村,0.10,84.4,3.4,-,81.9
443417,大分県,日出町,0.58,93.8,8.2,7.8,100.4
444618,大分県,九重町,0.32,86.7,4.8,-,99.6
444626,大分県,玖珠町,0.36,94.2,3.5,-,100.2
452017,宮崎県,宮崎市,0.69,94.3,7.5,20.9,98.3
452025,宮崎県,都城市,0.54,95.9,5.7,-,98.3
452033,宮崎県,延岡市,0.52,96.9,8.1,2.1,99.0
452041,宮崎県,日南市,0.40,91.6,9.7,57.7,99.5
452050,宮崎県,小林市,0.38,95.7,12.8,70.6,97.6
452068,宮崎県,日向市,0.55,89.7,10.9,34.8,99.2
452076,宮崎県,串間市,0.31,92.8,7.4,38.6,97.9
452084,宮崎県,西都市,0.38,90.9,2.8,-,97.2
452092,宮崎県,えびの市,0.35,96.5,4.2,-,97.9
453412,宮崎県,三股町,0.44,92.2,6.3,-,95.5
453617,宮崎県,高原町,0.27,95.9,7.2,-,97.0
453820,宮崎県,国富町,0.46,91.5,11.3,57.5,97.2
453838,宮崎県,綾町,0.27,91.8,8.3,27.5,95.3
454010,宮崎県,高鍋町,0.51,89.1,10.9,-,96.4
454028,宮崎県,新富町,0.45,86.1,7.8,-,97.1
454036,宮崎県,西米良村,0.14,78.2,7.1,-,92.8
454044,宮崎県,木城町,0.79,81.2,3.1,-,96.5
454052,宮崎県,川南町,0.44,88.9,8.5,-,94.7
454061,宮崎県,都農町,0.30,88.2,7.4,-,95.4
454214,宮崎県,門川町,0.41,87.0,6.9,-,97.2
454290,宮崎県,諸塚村,0.27,78.5,5.3,-,93.1
454303,宮崎県,椎葉村,0.17,82.1,10.1,-,94.5
454311,宮崎県,美郷町,0.19,82.8,7.5,-,95.7
454419,宮崎県,高千穂町,0.24,96.2,6.6,-,98.3
454427,宮崎県,日之影町,0.17,86.3,8.5,-,96.9
454435,宮崎県,五ケ瀬町,0.15,91.6,8.7,-,97.9
462012,鹿児島県,鹿児島市,0.70,92.7,4.7,32.0,99.3
462039,鹿児島県,鹿屋市,0.48,92.6,5.5,-,96.9
462047,鹿児島県,枕崎市,0.39,87.8,7.7,-,96.7
462063,鹿児島県,阿久根市,0.36,93.6,7.0,-,95.2
462080,鹿児島県,出水市,0.42,89.1,7.5,-,98.0
462101,鹿児島県,指宿市,0.34,91.9,9.4,18.1,98.6
462136,鹿児島県,西之表市,0.27,84.5,9.0,-,97.0
462144,鹿児島県,垂水市,0.29,92.0,9.2,-,95.3
462152,鹿児島県,薩摩川内市,0.59,91.9,7.3,-,97.0
462161,鹿児島県,日置市,0.40,92.0,8.1,0.1,96.8
462179,鹿児島県,曽於市,0.30,87.1,6.6,-,98.6
462187,鹿児島県,霧島市,0.54,87.8,6.0,-,97.7
462195,鹿児島県,いちき串木野市,0.38,90.9,11.9,10.5,94.8
462209,鹿児島県,南さつま市,0.29,91.1,7.3,-,96.1
462217,鹿児島県,志布志市,0.38,85.9,10.8,-,97.2
462225,鹿児島県,奄美市,0.27,91.2,9.5,0.7,97.6
462233,鹿児島県,南九州市,0.35,91.8,6.8,-,97.5
462241,鹿児島県,伊佐市,0.38,92.0,8.9,-,98.7
462250,鹿児島県,姶良市,0.50,90.5,9.4,45.7,98.8
463035,鹿児島県,三島村,0.06,90.4,13.9,-,89.9
463043,鹿児島県,十島村,0.07,87.7,3.4,-,93.8
463922,鹿児島県,さつま町,0.36,90.1,4.9,-,95.3
464040,鹿児島県,長島町,0.18,89.9,9.4,-,97.3
464520,鹿児島県,湧水町,0.30,90.0,9.0,-,95.9
464686,鹿児島県,大崎町,0.35,84.3,7.1,-,95.5
464821,鹿児島県,東串良町,0.29,89.2,7.9,-,96.5
464902,鹿児島県,錦江町,0.19,87.6,6.2,-,96.0
464911,鹿児島県,南大隅町,0.16,86.9,10.2,-,96.0
464929,鹿児島県,肝付町,0.27,91.2,7.6,-,96.8
465011,鹿児島県,中種子町,0.21,88.6,10.9,3.5,96.5
465020,鹿児島県,南種子町,0.23,90.5,10.9,-,96.7
465054,鹿児島県,屋久島町,0.23,87.4,10.0,-,96.1
465232,鹿児島県,大和村,0.08,90.8,7.3,-,94.7
465241,鹿児島県,宇検村,0.08,92.8,9.3,-,92.4
465259,鹿児島県,瀬戸内町,0.16,92.0,9.3,-,91.9
465275,鹿児島県,龍郷町,0.17,88.0,8.9,-,94.4
465291,鹿児島県,喜界町,0.16,82.9,10.4,-,94.5
465305,鹿児島県,徳之島町,0.23,85.6,7.9,39.5,90.7
465313,鹿児島県,天城町,0.15,89.5,6.8,-,92.7
465321,鹿児島県,伊仙町,0.13,87.6,9.5,89.2,89.3
465330,鹿児島県,和泊町,0.18,89.8,16.6,7.3,93.0
465348,鹿児島県,知名町,0.15,88.4,11.9,12.6,95.1
465356,鹿児島県,与論町,0.15,89.4,9.9,29.1,90.1
472018,沖縄県,那覇市,0.83,89.7,8.2,41.4,97.1
472051,沖縄県,宜野湾市,0.65,93.4,6.4,20.1,95.1
472077,沖縄県,石垣市,0.45,89.4,7.0,55.6,96.9
472085,沖縄県,浦添市,0.76,95.0,5.6,8.3,95.2
472093,沖縄県,名護市,0.45,98.1,6.4,32.1,94.3
472107,沖縄県,糸満市,0.53,92.1,8.9,26.2,95.8
472115,沖縄県,沖縄市,0.57,92.1,5.6,30.8,95.5
472123,沖縄県,豊見城市,0.63,89.1,8.8,99.2,96.5
472131,沖縄県,うるま市,0.47,96.0,6.2,-,95.9
472140,沖縄県,宮古島市,0.38,91.6,9.7,20.1,95.7
472158,沖縄県,南城市,0.37,87.9,5.8,3.1,97.2
473014,沖縄県,国頭村,0.20,88.7,7.9,-,93.2
473022,沖縄県,大宜味村,0.38,86.5,8.1,-,97.3
473031,沖縄県,東村,0.13,86.8,8.5,-,91.3
473065,沖縄県,今帰仁村,0.26,81.6,7.3,0.2,91.4
473081,沖縄県,本部町,0.34,88.8,10.1,-,92.1
473111,沖縄県,恩納村,0.61,78.1,5.2,-,96.3
473138,沖縄県,宜野座村,0.29,82.5,9.1,-,95.7
473146,沖縄県,金武町,0.38,89.8,4.4,-,95.1
473154,沖縄県,伊江村,0.15,79.1,5.1,-,92.4
473243,沖縄県,読谷村,0.62,84.1,4.1,-,98.2
473251,沖縄県,嘉手納町,0.60,82.6,1.3,-,95.2
473260,沖縄県,北谷町,0.79,78.0,4.5,-,95.2
473278,沖縄県,北中城村,0.63,82.9,5.5,39.6,98.6
473286,沖縄県,中城村,0.61,82.3,5.4,137.1,99.8
473294,沖縄県,西原町,0.62,90.4,6.6,9.5,97.3
473481,沖縄県,与那原町,0.46,89.4,8.0,78.9,97.4
473502,沖縄県,南風原町,0.62,87.1,9.1,26.1,99.2
473537,沖縄県,渡嘉敷村,0.10,86.2,7.6,-,91.4
473545,沖縄県,座間味村,0.09,87.2,10.3,42.8,94.2
473553,沖縄県,粟国村,0.09,96.9,9.3,145.1,90.2
473561,沖縄県,渡名喜村,0.07,98.4,9.3,-,87.0
473570,沖縄県,南大東村,0.14,81.2,7.5,-,89.4
473588,沖縄県,北大東村,0.10,84.4,8.2,-,90.6
473596,沖縄県,伊平屋村,0.08,84.4,5.1,136.5,93.0
473600,沖縄県,伊是名村,0.10,92.3,6.0,39.8,94.8
473618,沖縄県,久米島町,0.19,90.0,5.1,-,94.4
473626,沖縄県,八重瀬町,0.44,88.8,8.5,1.9,96.9
473758,沖縄県,多良間村,0.11,72.8,6.2,-,79.1
473812,沖縄県,竹富町,0.14,91.0,6.8,11.3,95.7
473821,沖縄県,与那国町,0.14,92.2,7.3,-,86.4
全国市町村平均,,,0.48,93.1,5.6,6.3,－